{"type": "FeatureCollection", "features": [{"id": "582", "type": "Feature", "properties": {"EMD_CD": "41597115", "COL_ADM_SE": "41590", "EMD_NM": "\uc5ec\uc6b8\ub3d9", "SGG_OID": 10354}, "geometry": {"type": "Polygon", "coordinates": [[[127.08213834548863, 37.19229286791556], [127.08214269560561, 37.192316562458814], [127.08218005828927, 37.19252138977666], [127.08217638664979, 37.19257437376558], [127.0821819684446, 37.19262299940278], [127.08219433959205, 37.192733098764556], [127.08218552485626, 37.192832228804086], [127.08220697059377, 37.193023839582345], [127.08225131042848, 37.19307456527527], [127.08228447146516, 37.19352141624499], [127.08230303638469, 37.193767821527], [127.082331901934, 37.194083311938314], [127.08235960606191, 37.19428114460251], [127.08236414784564, 37.19430484800919], [127.0824172211995, 37.19467574515066], [127.08244891570926, 37.194897272541986], [127.08245406266468, 37.194928616393995], [127.08248767008477, 37.195158765462175], [127.0825081774996, 37.195303612499515], [127.08253108753946, 37.19546224387946], [127.08259525632381, 37.19588524072421], [127.08262108395513, 37.19606494552106], [127.08269272936698, 37.19610615530796], [127.08270669132322, 37.196343724318595], [127.08275016048381, 37.196462740602435], [127.08279397045696, 37.19658434263352], [127.08295300031101, 37.19702579956709], [127.08296200417263, 37.1970507793561], [127.08321808236875, 37.19762745202582], [127.0832246615874, 37.19764953209971], [127.08327596151749, 37.197821677381064], [127.08332776900872, 37.19809862281475], [127.08338562663653, 37.19840791154085], [127.08336586258427, 37.19877654262508], [127.08327739211637, 37.199043673383095], [127.08324808470759, 37.199337163868265], [127.08321477861465, 37.19943229210859], [127.08298789974822, 37.20008034449647], [127.08296578551764, 37.20046537603672], [127.08306982566128, 37.20095213878683], [127.08314231697727, 37.201219969363514], [127.08312779106075, 37.2016429295966], [127.08308247297182, 37.201818844660515], [127.08295594078946, 37.20199607702583], [127.08300452961602, 37.20203316663557], [127.08316463630803, 37.2021553551273], [127.08326932486555, 37.20224779313663], [127.08331192195737, 37.202285400348764], [127.08374211240601, 37.20261355115517], [127.08379774748234, 37.20265547415131], [127.08414416565296, 37.20291877942566], [127.08414726593021, 37.20291080302254], [127.08416744590292, 37.20292612471528], [127.08418595146142, 37.20288312298649], [127.08439903419956, 37.203063309058926], [127.08447893894883, 37.20313075934826], [127.08455313876841, 37.20319340200666], [127.08454205606967, 37.20320506027494], [127.08460555143346, 37.20325436593905], [127.0846279531959, 37.203251430840986], [127.08467252878799, 37.203263689798916], [127.0848672567147, 37.203427074418], [127.08490398165358, 37.20347054196744], [127.0849744539752, 37.20355397406765], [127.08504978616564, 37.20364168265681], [127.08500808394487, 37.20370210002646], [127.0851076735759, 37.203732818464886], [127.08522332135674, 37.20376908491455], [127.08534295324144, 37.20371038740512], [127.08546881631486, 37.203867152008705], [127.0854431292321, 37.20387376585267], [127.08546246066184, 37.20388527650725], [127.08549953399984, 37.20395800952947], [127.08556843142684, 37.20409316230795], [127.08566195081976, 37.20427663856171], [127.08567525942455, 37.20431167971534], [127.08582767720215, 37.20471353601413], [127.08587654328579, 37.204713519244514], [127.08587961854606, 37.20471352606482], [127.08597287865608, 37.20471350466154], [127.08597491755823, 37.204713503207834], [127.0860063459493, 37.20471348980587], [127.08643760687703, 37.20471761455626], [127.08695680800321, 37.204719016260434], [127.08696392729455, 37.204719038156526], [127.0870882102745, 37.20471900250354], [127.08708894593593, 37.20472206552115], [127.08727717839983, 37.20472201949756], [127.08761849770875, 37.204722042208864], [127.0879622952397, 37.20472206212835], [127.08928949781942, 37.20472207729201], [127.08955354149398, 37.20472206155778], [127.08960434507863, 37.204722023789664], [127.0901338969334, 37.20472207933808], [127.09047791963788, 37.20472200168442], [127.09051464251127, 37.20472206420414], [127.0906535357839, 37.204722049874874], [127.09094033405003, 37.20472201392511], [127.09108339524289, 37.204721995945384], [127.09126374254147, 37.2047220396539], [127.09141051850388, 37.204719855959524], [127.09162184616042, 37.20472203811376], [127.09180388304827, 37.20472198961041], [127.09190323738824, 37.20472200394575], [127.09194638100612, 37.20472197101788], [127.09217009732095, 37.204722070335265], [127.09243211334439, 37.20472204973706], [127.09250353123828, 37.20472199490245], [127.092662363048, 37.20472205300595], [127.0927692647035, 37.20472206080752], [127.09303398424049, 37.20472203679554], [127.09308163371782, 37.20472199997299], [127.09327350083387, 37.204718796969644], [127.09349701424091, 37.20471878581323], [127.09350221852074, 37.2047187907825], [127.09355251523218, 37.204718787756654], [127.09379507719603, 37.20471878826779], [127.09400382262135, 37.204718769637715], [127.09422738108391, 37.204718757068164], [127.09428098961311, 37.20471876015142], [127.09452809121701, 37.204718746596214], [127.09467793659323, 37.204721061662624], [127.09473728724751, 37.20471874434083], [127.09484782736577, 37.20471873839304], [127.09524302547439, 37.20471872370621], [127.09544961935669, 37.20471871324138], [127.0959096117751, 37.204718680975134], [127.0960377135033, 37.20471867794268], [127.09606195505346, 37.20471867661796], [127.0965224205929, 37.204718650605145], [127.09652685886509, 37.20471864704543], [127.0966302909852, 37.20471864513534], [127.09719092187862, 37.20471860813916], [127.09756056045575, 37.20471858834133], [127.09784199673066, 37.20471856706232], [127.09788800120525, 37.20471825032072], [127.09791594858349, 37.204718056382504], [127.09797358934875, 37.20471765805414], [127.09849173668485, 37.20471409937535], [127.09849181990684, 37.20471751426307], [127.09879697682946, 37.20471537186223], [127.09879165243828, 37.20407761742605], [127.09878962471791, 37.20135655611263], [127.0988047622031, 37.19752872614425], [127.0988053546582, 37.19737599855159], [127.09880884077434, 37.196493962784], [127.09880778017451, 37.19601857228289], [127.09880875803147, 37.19599063908184], [127.09881209936904, 37.19561021508511], [127.09881437518825, 37.1951016633079], [127.0988132448681, 37.19457193971932], [127.09881727347492, 37.19437604915582], [127.09881704654791, 37.194172890644694], [127.09881813914791, 37.19417295282051], [127.09881917075856, 37.19392363271232], [127.09882001352855, 37.193702695680365], [127.0988210149497, 37.19342985828977], [127.09882422801785, 37.193300645726], [127.09882339220546, 37.19282489436402], [127.0988239166132, 37.192706947065325], [127.09882443327224, 37.19258296276496], [127.0991440150594, 37.19245033623877], [127.09914375026209, 37.19177229957532], [127.09914374458549, 37.19175039515799], [127.09914363946821, 37.19149379543166], [127.0991434967041, 37.191120474248024], [127.09914337572897, 37.19081656058788], [127.09922069174894, 37.19077153466114], [127.09935736325487, 37.19064059000506], [127.09936816554362, 37.19063301229788], [127.09930482500647, 37.19059819411918], [127.0994364521134, 37.19039877404004], [127.09966644118643, 37.19005699719925], [127.09975082569237, 37.19007900288789], [127.09983386951275, 37.18993557758221], [127.09992855906215, 37.1897406027083], [127.10000153049269, 37.18964683328179], [127.10011576799572, 37.18941507931725], [127.10030006876333, 37.189365548465844], [127.10039375357402, 37.18935159420521], [127.10051916010322, 37.18930841947291], [127.10072481614438, 37.189226252243515], [127.10083499250908, 37.18916353722763], [127.10087409950249, 37.189183868080114], [127.10093973685984, 37.189166963453566], [127.10100823607708, 37.18909950769924], [127.10105501616523, 37.1890452254279], [127.10109783154141, 37.18897355627933], [127.1012035746478, 37.18903441411449], [127.1012485634699, 37.18908260925172], [127.10132092085016, 37.189131565229296], [127.1014197112581, 37.18920631384718], [127.10156534487565, 37.18934296074222], [127.10164813564789, 37.18941198301322], [127.10169819879394, 37.18936222096763], [127.10182240967525, 37.18929266323766], [127.10186036552825, 37.18925987807076], [127.10187369272393, 37.189237232504155], [127.101963921308, 37.189173596246754], [127.10205886400966, 37.18910645085017], [127.10219962236584, 37.1891331104052], [127.10235095882679, 37.18916177012314], [127.1023603024689, 37.18915868059268], [127.10237407999075, 37.1891360345862], [127.10242648954737, 37.18914890194959], [127.10248773514365, 37.18917498911656], [127.10263172324743, 37.18925865459233], [127.10270205310394, 37.18927283107545], [127.10275539846091, 37.18929478904883], [127.10276806928262, 37.18931215038948], [127.102921943834, 37.189419216237766], [127.1029054274545, 37.1894654810682], [127.10290029959113, 37.189479730994734], [127.10291494438945, 37.18948248467313], [127.10291555287151, 37.189482718424344], [127.10298373645222, 37.189508736321756], [127.10304252669418, 37.18954276351864], [127.10308618279413, 37.189595464325365], [127.1028663700984, 37.189735612049624], [127.1029185344849, 37.18977532156451], [127.10296482530337, 37.18981062997071], [127.10306535976419, 37.18986547160667], [127.10321741687486, 37.1899010856707], [127.10331613201706, 37.18988407023643], [127.10339683134826, 37.18987015179096], [127.10351277645881, 37.189919005858464], [127.10363530595255, 37.189947932010014], [127.10378091474041, 37.19001204198195], [127.10383219596359, 37.19002273817427], [127.10397051272572, 37.19002442073413], [127.10403118174278, 37.190014645967516], [127.10407765726366, 37.19000282907285], [127.10412011588036, 37.18996885891813], [127.10420367014832, 37.18986758104209], [127.10421720268243, 37.18983898813302], [127.10421769049105, 37.18981664176927], [127.10415806311487, 37.18967224675592], [127.1041269232327, 37.189622842344704], [127.104123000352, 37.189495356737304], [127.10404191228304, 37.18932964347038], [127.10391491236487, 37.18924225271877], [127.10387974035288, 37.18920078993986], [127.10377181170199, 37.18909109968309], [127.10357566449741, 37.18897223160922], [127.10351355340863, 37.188922448235324], [127.1034660661492, 37.1888347001812], [127.10340155482588, 37.1887418488057], [127.10333503471546, 37.18858710625674], [127.10319540846307, 37.188362775556314], [127.10313255843158, 37.188198019109514], [127.10311429252796, 37.18815702815906], [127.10293589329535, 37.18775675603266], [127.10296722782428, 37.1876665795194], [127.1029823157147, 37.18759672649635], [127.10301333655025, 37.18744896436357], [127.10298765555216, 37.18724439476719], [127.10290096386177, 37.18723030453364], [127.10292325904868, 37.18705908663246], [127.1028872922519, 37.18694423398956], [127.10283486500178, 37.18681587971386], [127.10280692847712, 37.18673492655363], [127.10277912768518, 37.18665436973009], [127.10300154751589, 37.18656704822372], [127.10310272306444, 37.186515151342064], [127.10313686242672, 37.18644276802937], [127.10337826267876, 37.1863173152633], [127.10345266312109, 37.18628688600576], [127.10354336017525, 37.186231844097804], [127.10366460304247, 37.186196238394324], [127.10373207005895, 37.18616052579499], [127.10378243114366, 37.186133874431015], [127.10388620797355, 37.18609098509767], [127.10396306186861, 37.18604298299045], [127.10400857784519, 37.185972932304935], [127.10406908065237, 37.18590926606081], [127.10411969585164, 37.18586254802454], [127.10446201238416, 37.18558121463992], [127.10456169881338, 37.18551255833122], [127.10465937730157, 37.1854581402234], [127.10467163673019, 37.18545470557297], [127.10468988516, 37.18544959876979], [127.10472005528065, 37.18544114770719], [127.1049428648612, 37.18531354541595], [127.10509220019858, 37.18523412285156], [127.10517816893415, 37.185182057271504], [127.10538103549816, 37.185130700151205], [127.10539665207284, 37.18512816352928], [127.10547966645886, 37.18511466511958], [127.10559507068271, 37.18509374962034], [127.1057247623825, 37.185062008882475], [127.10585509868824, 37.1850077412667], [127.10588795600187, 37.18498815961268], [127.10591554522243, 37.184986693630904], [127.10596816920317, 37.18500971404598], [127.10605000054991, 37.184979637019666], [127.10616832934676, 37.1849564657647], [127.10660211974435, 37.18486705839372], [127.10670658381487, 37.18483488842991], [127.10682025761137, 37.184784869463066], [127.10685763627154, 37.18477753775697], [127.10697399841446, 37.184798248422574], [127.10702081562572, 37.18477562651059], [127.10718490360253, 37.184698404740864], [127.10717080805775, 37.18469325431328], [127.10708079269739, 37.18466038326898], [127.1069256088008, 37.184661873003236], [127.10675678752753, 37.18465562564614], [127.1077588830277, 37.18438040760677], [127.10803607141719, 37.18430424553352], [127.10824183118736, 37.18447129465608], [127.10830015518576, 37.184463222788374], [127.10836481665963, 37.18447713071864], [127.10841490250931, 37.18445690209175], [127.1086875152229, 37.18435465731906], [127.10912100365256, 37.18429506564449], [127.10930351225895, 37.18426525531037], [127.10945661715613, 37.18425163626623], [127.10955833048209, 37.18424258715367], [127.10977441790425, 37.18422644138105], [127.10980549979666, 37.18422632287252], [127.10986364261217, 37.184249336515904], [127.10992338532861, 37.184209816017805], [127.1100513559615, 37.18415815898168], [127.11012035326411, 37.18413277634107], [127.11027079692332, 37.18404631805792], [127.11035241554346, 37.184026870605244], [127.11051085563176, 37.18401960668861], [127.1106035016951, 37.1841428026532], [127.11061880170153, 37.18416315222362], [127.11062210767312, 37.18416754628782], [127.11074727483495, 37.184202751995294], [127.11088665057208, 37.18425100963393], [127.1110772456394, 37.18420659214497], [127.1112491218637, 37.18414534211173], [127.11141394813438, 37.18403751424688], [127.11156326026976, 37.18418136294162], [127.11156945011493, 37.18418633998119], [127.11161805557802, 37.184225373223725], [127.11165357319025, 37.18425534507156], [127.11191662815965, 37.18424401737658], [127.11197572428465, 37.18422522052337], [127.11195969423814, 37.18419874469084], [127.11192977860259, 37.18414903478902], [127.11244442066555, 37.18406295463018], [127.1125958135793, 37.18393450372454], [127.11308039825755, 37.18393395832282], [127.11307994755568, 37.18370410169446], [127.1131271434137, 37.18371090520165], [127.11346386297966, 37.18371058753386], [127.11368824558501, 37.183670098520594], [127.11416821160041, 37.18366973325329], [127.11424747421198, 37.18373300145968], [127.11424737953277, 37.1836692975365], [127.11455797218116, 37.18366900161538], [127.1145984122896, 37.18366896302565], [127.11499045951267, 37.18366860622239], [127.116366571913, 37.1836673523807], [127.11635608560638, 37.18365871249521], [127.11686307900722, 37.183658220008255], [127.11698492859662, 37.18365810132179], [127.116674918226, 37.18337430295966], [127.11664647174598, 37.183374330604416], [127.11631001694644, 37.18309468376011], [127.11636293328606, 37.18308645097388], [127.11622777427569, 37.18297532963956], [127.11619415566402, 37.182958287343055], [127.11620073875324, 37.182955082254544], [127.11613077114477, 37.182902672982365], [127.11600301227926, 37.18280696114301], [127.11598382368041, 37.18279258996228], [127.11596854720786, 37.18278114340217], [127.11592059828662, 37.18274521991368], [127.11568818255455, 37.182571118532806], [127.11564237965555, 37.182539247573956], [127.11538687386648, 37.18236142848821], [127.11535045042727, 37.1823360719814], [127.1152368965278, 37.182257051070074], [127.11519184928491, 37.18222569280669], [127.11490518700579, 37.182026205344584], [127.11489300088296, 37.182017729142096], [127.1147150890398, 37.18190805259473], [127.11451648304147, 37.181785618667156], [127.11449510081299, 37.18177243871678], [127.11447483448725, 37.181759951504944], [127.11447483863333, 37.18176273573671], [127.11424365861424, 37.18162023003579], [127.11410596130442, 37.18153255391266], [127.11389642393944, 37.18140338949037], [127.11381148173922, 37.18135082183582], [127.11372493973144, 37.181297687975146], [127.11301654880995, 37.180902670820544], [127.11301672890822, 37.180902616588234], [127.1129721889631, 37.18087812297571], [127.11292202520568, 37.180850535031475], [127.11289933823562, 37.180838040813384], [127.11262498793091, 37.18068713869945], [127.11254995818477, 37.18065065354298], [127.11201684107887, 37.18039137997175], [127.11192973150669, 37.180349003824944], [127.11172294531407, 37.18024844122025], [127.11159350270613, 37.18018834454748], [127.11157705131608, 37.18018124155545], [127.11148251169813, 37.180140061362074], [127.1110422675376, 37.1799485460229], [127.11067819712285, 37.17979002732924], [127.11040147251978, 37.17968170572784], [127.1097654398622, 37.17943468064797], [127.10879359543807, 37.17909613990603], [127.10780841462605, 37.178797069020945], [127.1074136891501, 37.178691999882254], [127.1068481766181, 37.17853310861532], [127.10584633426976, 37.17830819242072], [127.10521950458568, 37.17818412778586], [127.10477888002039, 37.17810684229025], [127.1044455967058, 37.17804865427564], [127.10444131703363, 37.17804820746937], [127.10433838263359, 37.17803964677977], [127.10428037777622, 37.17803059651828], [127.10416639734188, 37.17801420614288], [127.1040071406264, 37.17799163759988], [127.1038095898126, 37.17796324509804], [127.10374381436189, 37.177953570548496], [127.10352170991399, 37.177921053927854], [127.10335838776972, 37.17788956763858], [127.10237417066732, 37.17777931029639], [127.10200130711561, 37.17776187644997], [127.10197236475238, 37.177760008790706], [127.10176233539153, 37.177746310533145], [127.10134565532358, 37.177719090264006], [127.100730545958, 37.177678879547955], [127.1006743505701, 37.17767523229256], [127.10057739605259, 37.17767495297103], [127.10014397219165, 37.177673692652405], [127.10009701511967, 37.17767355151984], [127.10000467758168, 37.17767335799316], [127.09985772562564, 37.17767293942096], [127.09939434826735, 37.177671521007596], [127.09929131301541, 37.17767124565673], [127.09865305735886, 37.177669427894415], [127.09823258327316, 37.17766814996778], [127.098155064724, 37.177667933892394], [127.09814532656902, 37.17773162790035], [127.09812489998397, 37.177820244596205], [127.09812401406397, 37.17782312867177], [127.09809782796277, 37.1779076142477], [127.09806935156142, 37.177979856442555], [127.0980639976476, 37.177993556732716], [127.09802373511899, 37.17807771136086], [127.09797874106863, 37.17816034705538], [127.0979732576558, 37.17816964132259], [127.09793047970904, 37.17824172392348], [127.09787816233474, 37.17832149119394], [127.09782189015705, 37.178399549664], [127.09776178681862, 37.17847572802852], [127.09769784092597, 37.17854992717582], [127.09767741893937, 37.1785716860344], [127.09762307899435, 37.17861973794821], [127.097606951535, 37.17864481817719], [127.09758394066965, 37.178667489177116], [127.09755913010703, 37.17869177450678], [127.0974844775524, 37.178759242377375], [127.09740654490724, 37.178824289036434], [127.09732544453958, 37.17888672516668], [127.09724118771085, 37.17894655075258], [127.09722770863642, 37.17895559013969], [127.09721309289745, 37.1789651710719], [127.09716286590294, 37.17899799174349], [127.09715410088407, 37.17900368442969], [127.09709959494798, 37.17903668873754], [127.09707622393222, 37.17905079096437], [127.09706430780652, 37.17905802697679], [127.0970571171348, 37.17906200639555], [127.09697180815344, 37.17910931708427], [127.09696483086125, 37.17911284580165], [127.09687669210793, 37.17915762675705], [127.09677910564876, 37.17920262248393], [127.09672445240216, 37.17922616573609], [127.09672073311324, 37.17925950748874], [127.09671427339556, 37.17931655800709], [127.0966819147837, 37.17960793775735], [127.09667618643205, 37.17964660631151], [127.09667276986204, 37.17966994618866], [127.09666862665246, 37.179697530583404], [127.09663884552866, 37.179898352952364], [127.09658496392281, 37.180187614442204], [127.09652037096859, 37.18047554192191], [127.09648589616991, 37.180606717020574], [127.09647378106494, 37.18065314869617], [127.09646477014111, 37.180687494836256], [127.09644497725928, 37.18076277518956], [127.09642904123395, 37.18081552626315], [127.09635954437562, 37.18104606984441], [127.09630836275808, 37.181505888244246], [127.09624287739545, 37.18196466379772], [127.09587203128557, 37.18192778249676], [127.09573110151183, 37.1819137572128], [127.09572615715435, 37.18198576383172], [127.09570244288362, 37.18220503451233], [127.09567084477925, 37.182423698733324], [127.09565775021287, 37.182516354810694], [127.0956461819678, 37.182559452078], [127.09563136242708, 37.1826414771642], [127.09560393735896, 37.18279291090957], [127.09557663557878, 37.183016608525385], [127.09554384830257, 37.18328492132041], [127.09552955387338, 37.18335469172724], [127.095505062416, 37.183474676562234], [127.09549608552467, 37.183518934102956], [127.09548233947321, 37.18358600092531], [127.09545031506703, 37.18374330407473], [127.0953979596739, 37.18398858352786], [127.09523627249325, 37.183984828022815], [127.09495269337003, 37.18397468995878], [127.09484005904895, 37.18395964114211], [127.09481089724184, 37.18396425944798], [127.09459961983, 37.183955955783276], [127.0943741750636, 37.183965773890336], [127.09394107863585, 37.18398539493888], [127.09331239340365, 37.18402580007973], [127.09296117260469, 37.18404913848026], [127.0928717625954, 37.18405497415516], [127.0926504915605, 37.18407100298868], [127.09254925780964, 37.184077658456644], [127.0922160532421, 37.18409944902491], [127.09192665381954, 37.18411931303861], [127.09151732873507, 37.184148097765686], [127.09103279084081, 37.184285063563415], [127.09087855616072, 37.18432716878146], [127.0905289967543, 37.18442456477753], [127.09018663906026, 37.184517809535876], [127.09007158716672, 37.18455402756645], [127.08963691465569, 37.18467491173332], [127.08931315818192, 37.184689568840234], [127.08912682946165, 37.18453977256451], [127.08906528653175, 37.18449278340778], [127.08896554219612, 37.1844245577136], [127.08837714554015, 37.18415089206181], [127.08808892052429, 37.184016756911134], [127.08804587909292, 37.18399732573825], [127.087932574229, 37.183946093807144], [127.08777118079288, 37.18387345186691], [127.08767552125063, 37.18383045142176], [127.08763439899515, 37.183814983310015], [127.08747711977239, 37.183755087792555], [127.08739712897187, 37.183725231039375], [127.08687844255417, 37.18354314384604], [127.08688498487732, 37.18355260012663], [127.08644167408156, 37.18340073186319], [127.08608657537825, 37.1832784434546], [127.08611630545502, 37.183278242020286], [127.08558003883532, 37.1830794923057], [127.08531765030271, 37.182980472890954], [127.0852919634063, 37.18297066964233], [127.0853098911678, 37.182990660211864], [127.08517245257336, 37.18294615549839], [127.08509938164684, 37.182960443615116], [127.08466092512627, 37.182884901965174], [127.08442273658767, 37.182845287643], [127.08389936937292, 37.1827584043114], [127.08379006904023, 37.18274024306526], [127.08357284260538, 37.18270409051745], [127.08331391933768, 37.18266109137511], [127.08324800594718, 37.182650180128356], [127.08323243385342, 37.18263150314966], [127.08315926592184, 37.18290098473238], [127.08313295747077, 37.18299353139495], [127.08315733909829, 37.183015031603624], [127.08314712258775, 37.1830755980242], [127.08312796293902, 37.18313474694936], [127.08310090795473, 37.18325576720544], [127.08306590267054, 37.18340858186809], [127.08303347495935, 37.18354982529828], [127.0830187942955, 37.183574839455225], [127.08299706454684, 37.183610932327106], [127.0829418560315, 37.183669673500475], [127.08294439321902, 37.183693765755805], [127.08298419428121, 37.18404234449055], [127.08298413703717, 37.18412534898178], [127.08298403134798, 37.18422615819389], [127.08299185867102, 37.18424758871957], [127.0830002619866, 37.184270550628426], [127.08300452945325, 37.18430135449006], [127.0830676981475, 37.18473283142458], [127.08309645224087, 37.184924067845834], [127.08316393684477, 37.185398873052755], [127.08319189913094, 37.185586415682764], [127.08321738890174, 37.185778555343674], [127.08323503036522, 37.18590899672573], [127.08327542862193, 37.18622419103826], [127.08328192065346, 37.186281213803014], [127.08328819333964, 37.186416807987904], [127.08332007308294, 37.18663345165723], [127.08340632976835, 37.1872394990742], [127.08342500980866, 37.187475875715506], [127.08342538382259, 37.18747806499992], [127.08342827294271, 37.18748364048031], [127.08345396307017, 37.18770371232973], [127.08349828071711, 37.188079814495964], [127.08354256259473, 37.18833914103788], [127.08356303388062, 37.188689877172074], [127.0835585355645, 37.18897704374071], [127.08355471984089, 37.18912482698001], [127.08350963885684, 37.18939766795472], [127.0834234228819, 37.18963526138851], [127.08329268152984, 37.18999414828019], [127.08297383068924, 37.19060325883402], [127.08283952822742, 37.19080617655734], [127.0827526771894, 37.19098007494473], [127.08263618464301, 37.19121917522663], [127.08252516184142, 37.19144474694568], [127.08239432059794, 37.19170631985554], [127.08213834548863, 37.19229286791556]]]}}, {"id": "583", "type": "Feature", "properties": {"EMD_CD": "41595103", "COL_ADM_SE": "41590", "EMD_NM": "\ub2a5\ub3d9", "SGG_OID": 9898}, "geometry": {"type": "Polygon", "coordinates": [[[127.06446310965191, 37.19907409584273], [127.06439243885863, 37.19909938065096], [127.06430181978321, 37.19909748245915], [127.06426166354336, 37.19909664774355], [127.06402996781833, 37.19905716031246], [127.06395405006543, 37.19905765988504], [127.06388458351107, 37.1990682387042], [127.06377923434898, 37.19909735281954], [127.06370067766522, 37.19912147000153], [127.06352377994388, 37.19917748157325], [127.06346973251415, 37.199186952802066], [127.06331654177278, 37.199183897186096], [127.0632257403395, 37.19917946633051], [127.06308836987368, 37.199155840334356], [127.06291157752183, 37.1991340006652], [127.06283282926277, 37.1991305453996], [127.06254107998483, 37.1991246770779], [127.06244566311236, 37.19912350077376], [127.06239059764418, 37.19912774597409], [127.06228531309776, 37.19913992809561], [127.06223869641299, 37.19914533123858], [127.06215794990692, 37.19915024725508], [127.06213408324494, 37.19915200749767], [127.06201824149662, 37.199174655914135], [127.06192132455833, 37.19919933994011], [127.06184873549978, 37.199221551646225], [127.06178832539581, 37.19924725316549], [127.06172952644874, 37.19928772195918], [127.06158244411009, 37.19937440505759], [127.06156509884242, 37.199375783439706], [127.0615003305459, 37.19937446468759], [127.0613925303527, 37.19941096648801], [127.06118327446289, 37.199459467190984], [127.06111548206911, 37.19946571852785], [127.06083788908438, 37.19948704143123], [127.060774571555, 37.19948291930663], [127.06060793142503, 37.19946564842954], [127.06055980326909, 37.199454292232815], [127.06021547937124, 37.1993401297844], [127.06009215532805, 37.19922871356796], [127.05993249703454, 37.19909132000097], [127.05989713282219, 37.199052907872904], [127.05986220335693, 37.19900854862384], [127.05980769509512, 37.19894650247929], [127.05972964755756, 37.19885768882563], [127.0596478653489, 37.19877503108856], [127.05959377194212, 37.19872475228576], [127.05952962372274, 37.1986792539205], [127.0594451177305, 37.19861347394604], [127.05935192788682, 37.19856291679939], [127.05930748441367, 37.19853767319056], [127.05930112952042, 37.198534865030574], [127.05914383471689, 37.19846525484169], [127.05904899817395, 37.19842614152722], [127.05892401213227, 37.19836175943039], [127.05882431948073, 37.198275712856436], [127.05878901882919, 37.1982605473215], [127.05875856069063, 37.1982441990671], [127.05853071161465, 37.198130182594724], [127.05843081839592, 37.19807604178609], [127.0583232502263, 37.198015849551055], [127.05818790158071, 37.19794968757263], [127.05815033357887, 37.19792965728802], [127.05806700161966, 37.19789485368837], [127.05795175857325, 37.197873490808334], [127.05779124163139, 37.19784488690988], [127.05772329321522, 37.19783662955607], [127.05758360724649, 37.19782912697541], [127.0574689144942, 37.197820504141845], [127.05741044097041, 37.19781511646645], [127.05726842839928, 37.19778364681368], [127.05717155179023, 37.1977402169456], [127.05706972356808, 37.1976565035953], [127.05697230584066, 37.197581266925745], [127.05688083518423, 37.197536464698835], [127.05678363541837, 37.19749708035507], [127.05677114199801, 37.19746329699218], [127.05676289100579, 37.19740863443412], [127.05675131868243, 37.19734044873646], [127.05675974024982, 37.197289166331316], [127.05675567584895, 37.19727610307236], [127.0567521194977, 37.197264670468016], [127.056750076002, 37.197258093791405], [127.05674677917362, 37.19724729179746], [127.05669034983929, 37.197233288821344], [127.05660577910618, 37.197212306798804], [127.05645599603676, 37.19718067759387], [127.05632309425283, 37.197145057770506], [127.05616900689577, 37.19714208342963], [127.05592648951622, 37.197217576509054], [127.05574116329839, 37.19728647430616], [127.05546020498535, 37.197349684754215], [127.05536011811836, 37.19736724660765], [127.05515287717904, 37.19741150084802], [127.05508870700156, 37.19742521676192], [127.05447048479928, 37.19747637676027], [127.0542644525885, 37.19742974949608], [127.05413167390537, 37.197392126840846], [127.05380423797347, 37.197272333710366], [127.0535238370624, 37.19724731799157], [127.05345954815306, 37.19725236502135], [127.05278324566869, 37.19704533817033], [127.05272215950939, 37.1970726662612], [127.05248812782698, 37.19707550637434], [127.05237183902058, 37.197102921098704], [127.05233579702451, 37.19710487381395], [127.05221676268457, 37.19706921640172], [127.05212103145693, 37.197031719795035], [127.05211735976621, 37.19703204573981], [127.05210526345022, 37.1970331051293], [127.05191844597057, 37.19701511881053], [127.05182149245165, 37.197002455286935], [127.05177625912255, 37.19698691343739], [127.05162171698245, 37.196908605996676], [127.0514384126681, 37.1968028736514], [127.05129788867596, 37.19669888008774], [127.05122754650627, 37.19667898751834], [127.05108798725075, 37.19663710234775], [127.05098534572768, 37.19660629346778], [127.0506998959909, 37.196519659695106], [127.05068555479899, 37.196515304589745], [127.05064134348596, 37.19649439165141], [127.05062544588124, 37.19648684748394], [127.05061781727679, 37.196481822813716], [127.05061920210765, 37.19648093921532], [127.05044099491302, 37.19636336347039], [127.0502848964576, 37.1962603752887], [127.05026954846824, 37.19624913656109], [127.0502630680251, 37.196242940036356], [127.05024695144374, 37.196227520771814], [127.05021566506261, 37.19619767299663], [127.05018250071133, 37.196154941036454], [127.0500647123136, 37.1960031452099], [127.0495798281094, 37.19597369855311], [127.04934659227442, 37.19598310075807], [127.04931098757152, 37.19598119590272], [127.04928001119298, 37.19597782947705], [127.0492253712467, 37.19597567096673], [127.04920105502396, 37.19597787029807], [127.0491033053586, 37.19598597396337], [127.04905464851221, 37.19598740814152], [127.04895565589584, 37.19598919585587], [127.04893312918325, 37.19598923190668], [127.04892041944808, 37.19599979724517], [127.0489124494972, 37.19600701780765], [127.0489019904023, 37.19601433848036], [127.04886783599997, 37.19604422179157], [127.04882231035022, 37.196081786540866], [127.04879009604251, 37.19608012345725], [127.04875156164492, 37.19607631839732], [127.04865884860277, 37.19606963353324], [127.04848457357069, 37.19605668265777], [127.04840898127756, 37.19605059450876], [127.04839535266194, 37.19605070802858], [127.04831237041898, 37.196060940673526], [127.04830043153014, 37.19606141393303], [127.04824799003245, 37.19608096929648], [127.04814908741385, 37.196119428846764], [127.04805563337577, 37.19617167216727], [127.04802222470357, 37.196187678843], [127.04797865064012, 37.19619423753154], [127.04788765848082, 37.19620213931298], [127.04783856330647, 37.19620538426443], [127.04770627055535, 37.19614316468176], [127.04767288734432, 37.19612709403525], [127.04757735837869, 37.1961202292131], [127.04746126014678, 37.196128086364304], [127.04744774387657, 37.19612774920889], [127.04736686253254, 37.19616672372305], [127.04735898083403, 37.19617115090619], [127.0473370289895, 37.19617199737187], [127.04726201583631, 37.19617374736156], [127.04719657617788, 37.19617485387005], [127.04717022088654, 37.196176603048215], [127.04714228617546, 37.19617412692629], [127.04712774325448, 37.19617100589972], [127.04711400003009, 37.19616787555311], [127.04705751357331, 37.196148236474386], [127.04702245522769, 37.19613712203796], [127.04696796440756, 37.196101984169886], [127.04695453312036, 37.19609308699485], [127.04694944972299, 37.196087060951335], [127.04694370496743, 37.19608634231832], [127.04688139050597, 37.19607726564174], [127.04684938819884, 37.196072177976916], [127.04675361875884, 37.196058464637844], [127.04673558433731, 37.19605552510551], [127.04668726326152, 37.196053534210925], [127.0466293685935, 37.19605200647628], [127.04654229076603, 37.1960508952803], [127.04650862547618, 37.19605248490158], [127.04638068815913, 37.19605820100235], [127.04628962763577, 37.19608385217598], [127.04625214909717, 37.19609401210692], [127.04623528246357, 37.19610403809993], [127.04614468667637, 37.19617311937184], [127.0460791389079, 37.196220268720346], [127.04598952947347, 37.19628160051149], [127.04597929426946, 37.19628711875121], [127.04590940383999, 37.19630471534866], [127.04578931090029, 37.19633915319518], [127.04566762698511, 37.19636891508768], [127.04560279185112, 37.19638335596109], [127.04555417632416, 37.19639830436586], [127.04549902883134, 37.19641470585915], [127.04546256419664, 37.19642566709365], [127.0454389278118, 37.19643526298243], [127.04536862954703, 37.196468717808884], [127.04534702049838, 37.19647821381377], [127.04531720014715, 37.19648728034955], [127.04525001493933, 37.19650892125048], [127.04520837034251, 37.196522145942644], [127.04517809916008, 37.19653076208703], [127.04513332972907, 37.196555160866], [127.04510949378451, 37.19657043334764], [127.0450364099868, 37.19661795431805], [127.0449779404295, 37.196655621457055], [127.04497052184053, 37.196662661342316], [127.04489286487873, 37.1967298356981], [127.04479553989502, 37.196813524338936], [127.04472125951092, 37.196876903946425], [127.04456888219745, 37.19696780280735], [127.04445000128565, 37.19703711831242], [127.04439426654523, 37.19707194587716], [127.04437669038099, 37.19708291795832], [127.0442827410031, 37.19712236363274], [127.04422991413398, 37.19714078203683], [127.04407837166036, 37.1971959354997], [127.04400568490946, 37.197210531496054], [127.04387452485295, 37.19721764266606], [127.0438700986713, 37.19721834706402], [127.04379849228, 37.19723136571783], [127.04370932528052, 37.19726335758586], [127.04333303834161, 37.197417110214985], [127.04329629343245, 37.19743190032192], [127.04326333225373, 37.19744520235946], [127.04323035870897, 37.19745652209281], [127.04320063730295, 37.19746233528672], [127.04315043106332, 37.19747476934654], [127.04312151207881, 37.1974855379868], [127.04301115730892, 37.197537440855484], [127.04293598945478, 37.197567931500124], [127.04290480175129, 37.19757014996236], [127.04287687040167, 37.19757452077724], [127.0428639300083, 37.197577246451395], [127.04279632233464, 37.19761214047858], [127.04267904117461, 37.197645402827085], [127.04252946002735, 37.19768638018334], [127.04245820431574, 37.19770343458692], [127.0423919898647, 37.19771156686143], [127.04238257039715, 37.19770585748564], [127.04226990835242, 37.19782543795549], [127.04200044434258, 37.19811331514659], [127.04186004747315, 37.198270739575634], [127.04159584659331, 37.19859144811179], [127.0419367598244, 37.19874762752477], [127.04197567637145, 37.19876909514968], [127.04200501928808, 37.19881270470889], [127.04202162207628, 37.198854795852014], [127.04207078974959, 37.19892022192136], [127.04211622597681, 37.198979657299944], [127.04218345695779, 37.19905857478091], [127.04221924967322, 37.19909360412283], [127.04235047202589, 37.19917490529017], [127.04240661821689, 37.199209143647224], [127.0424287734154, 37.199228553513905], [127.04248873510596, 37.199382224010364], [127.04243448354659, 37.199582067478126], [127.04244253144842, 37.19961306964997], [127.04245209189354, 37.19964994611055], [127.04247544556604, 37.19973995241324], [127.04248792342501, 37.199776872913475], [127.04253071495762, 37.19990150863925], [127.04252514945772, 37.20029500581648], [127.04257538863311, 37.20054765936512], [127.04269389266177, 37.20078726907399], [127.0427299657201, 37.200880190270986], [127.0427405674624, 37.200925707355815], [127.04273778563669, 37.200926456190984], [127.04275624987828, 37.20097223184044], [127.04276958216713, 37.20098481479089], [127.04278796048366, 37.20101753432858], [127.04281535118048, 37.20105221499839], [127.04288997168089, 37.20114751947421], [127.04293032499304, 37.2011982341815], [127.0429570366116, 37.20122676993093], [127.04302175752319, 37.20128323375309], [127.04307502509917, 37.201364291064266], [127.04311141622863, 37.201419683519234], [127.04314610450076, 37.201471400299326], [127.04319360678184, 37.201535078431924], [127.04323507699324, 37.20158821644867], [127.04326963538522, 37.201628796326716], [127.04345456509716, 37.20165863665976], [127.04350226909423, 37.20167909149058], [127.04366938059835, 37.20175226002189], [127.04391162339297, 37.20190333278475], [127.04392834686789, 37.20191643699465], [127.04391429545001, 37.20192781320633], [127.04407460441624, 37.20212157037478], [127.04411887902596, 37.202192349518725], [127.04412625088717, 37.20222130643453], [127.04420676827084, 37.202381663345065], [127.04432049307256, 37.20246188733509], [127.04434605076068, 37.202479917004595], [127.04440826596479, 37.20252378436254], [127.04441310029796, 37.202527197569964], [127.0444951635346, 37.20263096813117], [127.04459879526735, 37.202630389855614], [127.044644235515, 37.202630112015896], [127.04476978756621, 37.20262933638788], [127.04591824161227, 37.202912289873304], [127.04617930781842, 37.20316511484967], [127.04627631628331, 37.20325905714631], [127.04681495866842, 37.20359664483979], [127.04684831408414, 37.2036175453143], [127.04691150488668, 37.203631262036694], [127.04727732249472, 37.2037106384187], [127.04730010790566, 37.204135021405136], [127.04766471607726, 37.2042584581071], [127.04773715112445, 37.20428298331442], [127.04796870777147, 37.20443250208625], [127.04814576785877, 37.20454682906693], [127.0483052011768, 37.20462771599054], [127.04863920206743, 37.20479716907578], [127.04865632977977, 37.204805857335], [127.04908146535165, 37.2051753857154], [127.04907857435472, 37.20523566671601], [127.04904988366717, 37.20582928594903], [127.04897496678346, 37.206179822036276], [127.04893224633244, 37.20649745707424], [127.04890637706664, 37.20656153163736], [127.04881585388955, 37.20663671486864], [127.04875404386841, 37.20705356234737], [127.0487180997797, 37.20758212886396], [127.04873124130668, 37.20788172060818], [127.048784001362, 37.20866695895032], [127.04879147600282, 37.208730389422946], [127.04881457861752, 37.208925005571], [127.04883937992764, 37.209133677305495], [127.04887431810532, 37.209339011114395], [127.04887804423116, 37.20935270548272], [127.04891914576714, 37.20950559608709], [127.04894578523515, 37.209590553803274], [127.04894815570421, 37.209598121617454], [127.04897761734412, 37.20969226883607], [127.04902929198305, 37.20981839417199], [127.0491155829927, 37.209994333265456], [127.04920850310967, 37.21014179665698], [127.04927853237916, 37.210253948312975], [127.04938169848127, 37.2103914959551], [127.04950987733494, 37.21053362869108], [127.04982934176533, 37.210846250867995], [127.04990926462712, 37.21092442877778], [127.0503474970144, 37.211450458034655], [127.05053467075665, 37.21170348368456], [127.05066527427124, 37.21192959133328], [127.05070305694612, 37.211994991363035], [127.05070587654087, 37.211999855823656], [127.05080383651865, 37.21191989259353], [127.05093680327926, 37.21162213260211], [127.05113591560523, 37.211522754418304], [127.05113635271873, 37.21150212035123], [127.05096803570902, 37.21131747693605], [127.05097151788327, 37.211301887438196], [127.05103513865609, 37.21125581755839], [127.05109074796353, 37.2111901983642], [127.05111237577799, 37.211186855450464], [127.05128882443452, 37.211230932539806], [127.05129713637251, 37.211193445657216], [127.05130035698672, 37.21112280253066], [127.0512950376403, 37.21108550158499], [127.05126796793623, 37.211036406113436], [127.05123324736036, 37.211002090953045], [127.05125112552969, 37.21095009326315], [127.05133253319161, 37.21088536415929], [127.05134190031002, 37.21087647593449], [127.05135741458953, 37.21086174636321], [127.0513600153131, 37.21085927641076], [127.0513794025229, 37.21084086895094], [127.05141315560505, 37.21080881364452], [127.05143089904367, 37.21079196567311], [127.05145448564254, 37.210769564810114], [127.05154478994704, 37.210905367953785], [127.05172818602234, 37.21113183959836], [127.05180406931161, 37.21119685369941], [127.05184546660763, 37.211275803524735], [127.05189233084853, 37.21135929226605], [127.05195569721423, 37.21143951218553], [127.05202795762072, 37.21166284993979], [127.0520794448529, 37.211768628431805], [127.0521117989656, 37.2118177214543], [127.05232835485232, 37.21209577167861], [127.0523716847377, 37.2121823252803], [127.05238397690337, 37.21225124076967], [127.05238947507556, 37.21230227347498], [127.05238151384717, 37.21235810550854], [127.05234397691731, 37.212392757709715], [127.0523061562421, 37.21242432845405], [127.05226860340392, 37.21245215073325], [127.05222655270383, 37.21247583012929], [127.05219739698097, 37.212492989453644], [127.05217789406979, 37.21250718021139], [127.05217323746726, 37.21253516859278], [127.05222074818747, 37.21260658293601], [127.05223684137546, 37.21259807921174], [127.05226722582353, 37.21258199159241], [127.05231617270555, 37.2125604717274], [127.05236119038142, 37.21254281900256], [127.05246162189205, 37.21252109675566], [127.05255176720902, 37.212532167804106], [127.05264534543797, 37.21255520315049], [127.05270776794411, 37.21243633765043], [127.05271306067596, 37.21243308259812], [127.0527475103281, 37.21243131066834], [127.05279163803436, 37.21249719384415], [127.05281608809238, 37.21261842757597], [127.05281102723, 37.212664653262934], [127.05265807305553, 37.212801443637744], [127.05261400384711, 37.212839090204305], [127.05260754250646, 37.21286361036517], [127.05264576171912, 37.212871559090225], [127.05275682857263, 37.21286650129342], [127.0528353835658, 37.21288024422561], [127.05286280861898, 37.21290263226208], [127.05289537285068, 37.212944462565176], [127.05292873768137, 37.212987301679355], [127.05302306680397, 37.21308642945759], [127.05306413740968, 37.213145465929195], [127.05312103355054, 37.213232950420135], [127.05316459963095, 37.21328359706062], [127.05319495159435, 37.21331886865254], [127.0532713617356, 37.213407939397904], [127.05327419003527, 37.21354066174572], [127.05328377201216, 37.21358226770734], [127.05333778504331, 37.2137197522029], [127.05335363889067, 37.213789386848944], [127.05335466958466, 37.21379740567706], [127.05335714456649, 37.213808694657686], [127.05336324964733, 37.21384001222624], [127.05337993085914, 37.21385097061126], [127.05338503105128, 37.21386258281692], [127.05341139464596, 37.21394642229202], [127.0534417603558, 37.21398475735537], [127.0534934712387, 37.21405007828063], [127.05349653967788, 37.2140560148045], [127.05352309260752, 37.214119977170014], [127.05333760086515, 37.2142081263745], [127.05322217595882, 37.214301353630425], [127.0531301434267, 37.214466933304834], [127.05302325993901, 37.214580177804606], [127.05295214058212, 37.2146354426167], [127.0528407591602, 37.21469550036505], [127.05277849800629, 37.21473891252442], [127.05284868486423, 37.21482015615512], [127.05289060040589, 37.21486135166257], [127.05292708185067, 37.214896881956896], [127.05296637601315, 37.21492672544011], [127.05307946775244, 37.214962483684324], [127.0531933290304, 37.21498660902686], [127.05329031628746, 37.21498166499829], [127.0533754604944, 37.21497340123002], [127.05347924444769, 37.2150224175014], [127.0535854531886, 37.21509134565275], [127.05368427887959, 37.21513829152565], [127.05382075854797, 37.2151557115543], [127.05384122637102, 37.21518414842196], [127.053938843514, 37.21524254686433], [127.05402342532516, 37.21531655705932], [127.05411780441953, 37.21538405731615], [127.05422946288367, 37.21543070869799], [127.05438362250301, 37.215484053775754], [127.05452023111951, 37.215507527944254], [127.05452040488545, 37.21553045038367], [127.05460535027156, 37.21554324318043], [127.05490180428569, 37.215645639531125], [127.05495312647508, 37.21566762885032], [127.05516074821796, 37.215772290171465], [127.05528072715991, 37.21584147185765], [127.05540189666202, 37.21592102387639], [127.05548324133963, 37.21600259423716], [127.0555052204473, 37.216047879614514], [127.0555136233346, 37.21606114813624], [127.05551436564178, 37.21605936373411], [127.055523991079, 37.21608074107794], [127.05552618339921, 37.216153273979025], [127.05552676072189, 37.21617291643654], [127.05553084878335, 37.21623383403756], [127.05548697190913, 37.21643154270162], [127.05544656862666, 37.21653957804397], [127.05543196132442, 37.21657860883134], [127.05536757465894, 37.216881090943964], [127.055349615198, 37.21707034498397], [127.05534799700273, 37.217139644867046], [127.05532243932794, 37.217227454021454], [127.055288332988, 37.21731906043772], [127.05526004738306, 37.21735740360582], [127.05520615031628, 37.21742391594409], [127.05512126337143, 37.217528673501064], [127.05512015378376, 37.217536873485734], [127.05513268091875, 37.21758280293777], [127.0551538427026, 37.21761907831792], [127.05518266699025, 37.2176570531916], [127.05521903632554, 37.21768995177054], [127.05532176971444, 37.217759871054156], [127.05537020804364, 37.21779607092656], [127.05540091461933, 37.21781903353055], [127.05552006682832, 37.21792477960851], [127.05561679081299, 37.217987862464824], [127.05566926662843, 37.21801353619904], [127.0557157068451, 37.21802805777277], [127.05577896782657, 37.21804208506009], [127.0558173324414, 37.218075874570395], [127.0560470645512, 37.21823948833673], [127.0562309185795, 37.218370415035594], [127.05636742148415, 37.218457752958386], [127.05659793301321, 37.21860541684309], [127.05662017746096, 37.21861081274668], [127.05657142255515, 37.218636632249186], [127.05651227714814, 37.218674476455234], [127.05651816617618, 37.218685205128885], [127.05652211469004, 37.21869230350487], [127.05653953559718, 37.21871128937469], [127.05654825177253, 37.218720899441415], [127.05657757089938, 37.21874060060975], [127.05668074774796, 37.21881241068308], [127.05677251086188, 37.2188678270302], [127.05681607706613, 37.2188954236278], [127.05685447296621, 37.2189245453858], [127.0569184940101, 37.21897516301468], [127.05710781950118, 37.219157282969235], [127.05717204571177, 37.21919528577792], [127.05722675543625, 37.219223291464836], [127.05727604865699, 37.21923979337329], [127.05732476396528, 37.21925178131432], [127.05736386411196, 37.21925756559199], [127.05738462866951, 37.2192725671543], [127.05754017851706, 37.21940969530164], [127.05763188496176, 37.219493250536786], [127.05769462674675, 37.219564673400185], [127.05771484500626, 37.219587261934045], [127.05774844106625, 37.21964559744803], [127.05782173599997, 37.219772041846525], [127.05800204066128, 37.21990858994738], [127.05804812896943, 37.219947619102214], [127.05824580718968, 37.22012809332304], [127.0582804735649, 37.220155432336306], [127.05829299687944, 37.220163067166204], [127.0583900015769, 37.22020298181808], [127.058487356947, 37.22024461721098], [127.05853678318289, 37.22027193102681], [127.05858416842769, 37.22029698419097], [127.05863135490003, 37.220327344566904], [127.05865525091794, 37.22034061439349], [127.0587452450876, 37.220466194157545], [127.05887501441329, 37.22060964026815], [127.05898958985608, 37.22074465985858], [127.05918826812443, 37.220841893781476], [127.05924710806406, 37.22086106630868], [127.05936636401384, 37.22094182252853], [127.05938438939647, 37.22095403184503], [127.05941040890563, 37.220959037929724], [127.05942181120557, 37.22095905938656], [127.05948711924825, 37.22093491556713], [127.059575078194, 37.22094555883216], [127.05966980978268, 37.22095764037288], [127.05972972979362, 37.2209891563979], [127.05985901958164, 37.22104767849425], [127.05993197837624, 37.22111178767271], [127.0600513354265, 37.22120527486491], [127.06017337948049, 37.221290840450266], [127.0602133430679, 37.221260581699816], [127.06024225987852, 37.22123844679732], [127.06046715280215, 37.221066281202845], [127.0608665572103, 37.22076071876231], [127.06092702491269, 37.22071437491092], [127.0611228475849, 37.22057308330927], [127.06115313358333, 37.220544775358285], [127.061297042442, 37.22043883042374], [127.06137980672723, 37.22037787820893], [127.06143205433096, 37.220338386167526], [127.06151830544918, 37.22027022375826], [127.06160018369408, 37.22008700049108], [127.0616110564412, 37.220016173103424], [127.06162399103478, 37.219987963936674], [127.06167291745068, 37.21988125576579], [127.062131806869, 37.21888050506775], [127.06213845393866, 37.218866021923915], [127.0621550884622, 37.21882976449662], [127.06215784400634, 37.21882375313694], [127.06216508715073, 37.218807954165214], [127.06236729795653, 37.218366979682514], [127.06291717706416, 37.21716776043937], [127.06347881200466, 37.21482511855685], [127.06349362154911, 37.21476335336104], [127.06364529723999, 37.214130697030114], [127.06401283835976, 37.212597514780136], [127.0640325533081, 37.212515275213896], [127.06405220073789, 37.212433179845725], [127.06412192113135, 37.21214237650325], [127.06401781171174, 37.2119891641007], [127.06351362370634, 37.21220838248986], [127.06341328597402, 37.21211986245836], [127.06282084725754, 37.21159729540043], [127.06224885388401, 37.2109920892057], [127.06179631089223, 37.21027905469632], [127.06133731650662, 37.2093743697296], [127.06119278304215, 37.20908962285757], [127.05983561981338, 37.20641474025859], [127.05947892386689, 37.20546737769454], [127.05934883388846, 37.20460550265897], [127.05947113073975, 37.19984279271086], [127.05947977224345, 37.199506698790586], [127.05956403831962, 37.199522606019556], [127.059583515887, 37.19952560596276], [127.05973510096054, 37.19954922002554], [127.05985764429734, 37.19956828891483], [127.0601450999664, 37.19961323526954], [127.06021042208086, 37.1996022101748], [127.06026942766347, 37.19957992511766], [127.06032122061514, 37.199552868074555], [127.06038352414357, 37.19957112833766], [127.06047822700545, 37.19953702174467], [127.06051330974903, 37.19945915400848], [127.06072206607764, 37.19950599428639], [127.06079831722388, 37.1994991082104], [127.06098157354802, 37.19949000590939], [127.0611729276251, 37.199465401276896], [127.06124771438503, 37.19945851564911], [127.06133668039001, 37.1994348633816], [127.06139085193908, 37.199425104729016], [127.06144264516777, 37.199399038344254], [127.0614795863102, 37.19939352327703], [127.0616086548819, 37.19937408540867], [127.06177853778352, 37.199262269551596], [127.06201580831919, 37.19918853324701], [127.06210139720942, 37.199168125890466], [127.06219206235076, 37.19915717684257], [127.06225446528481, 37.19915876674295], [127.06238240470354, 37.19913662547558], [127.06254697643945, 37.19914546114411], [127.06259935274593, 37.1991448034162], [127.06273789568411, 37.19914202876038], [127.06287464369264, 37.19914826532048], [127.06304733461243, 37.19916835914825], [127.06319728264327, 37.19920071877807], [127.06329460720748, 37.19920679516566], [127.06348710837041, 37.199209307645305], [127.0635965658907, 37.19917627209227], [127.06365760029325, 37.199157228044584], [127.06380725101788, 37.19910164508453], [127.06392809152572, 37.19907689285078], [127.0640114407528, 37.199073154623484], [127.06403971658284, 37.19907755482217], [127.06430918158301, 37.19911895045497], [127.06431447558163, 37.199118947648586], [127.0644518948671, 37.19911959555444], [127.06446310965191, 37.19907409584273]]]}}, {"id": "584", "type": "Feature", "properties": {"EMD_CD": "41597101", "COL_ADM_SE": "41590", "EMD_NM": "\ub2a5\ub3d9", "SGG_OID": 10471}, "geometry": {"type": "Polygon", "coordinates": [[[127.06446310965191, 37.19907409584273], [127.06439243885863, 37.19909938065096], [127.06430181978321, 37.19909748245915], [127.06426166354336, 37.19909664774355], [127.06402996781833, 37.19905716031246], [127.06395405006543, 37.19905765988504], [127.06388458351107, 37.1990682387042], [127.06377923434898, 37.19909735281954], [127.06370067766522, 37.19912147000153], [127.06352377994388, 37.19917748157325], [127.06346973251415, 37.199186952802066], [127.06331654177278, 37.199183897186096], [127.0632257403395, 37.19917946633051], [127.06308836987368, 37.199155840334356], [127.06291157752183, 37.1991340006652], [127.06283282926277, 37.1991305453996], [127.06254107998483, 37.1991246770779], [127.06244566311236, 37.19912350077376], [127.06239059764418, 37.19912774597409], [127.06228531309776, 37.19913992809561], [127.06223869641299, 37.19914533123858], [127.06215794990692, 37.19915024725508], [127.06213408324494, 37.19915200749767], [127.06201824149662, 37.199174655914135], [127.06192132455833, 37.19919933994011], [127.06184873549978, 37.199221551646225], [127.06178832539581, 37.19924725316549], [127.06172952644874, 37.19928772195918], [127.06158244411009, 37.19937440505759], [127.06156509884242, 37.199375783439706], [127.0615003305459, 37.19937446468759], [127.0613925303527, 37.19941096648801], [127.06118327446289, 37.199459467190984], [127.06111548206911, 37.19946571852785], [127.06083788908438, 37.19948704143123], [127.060774571555, 37.19948291930663], [127.06060793142503, 37.19946564842954], [127.06055980326909, 37.199454292232815], [127.06021547937124, 37.1993401297844], [127.06009215532805, 37.19922871356796], [127.05993249703454, 37.19909132000097], [127.05989713282219, 37.199052907872904], [127.05986220335693, 37.19900854862384], [127.05980769509512, 37.19894650247929], [127.05972964755756, 37.19885768882563], [127.0596478653489, 37.19877503108856], [127.05959377194212, 37.19872475228576], [127.05952962372274, 37.1986792539205], [127.0594451177305, 37.19861347394604], [127.05935192788682, 37.19856291679939], [127.05930748441367, 37.19853767319056], [127.05930112952042, 37.198534865030574], [127.05914383471689, 37.19846525484169], [127.05904899817395, 37.19842614152722], [127.05892401213227, 37.19836175943039], [127.05882431948073, 37.198275712856436], [127.05878901882919, 37.1982605473215], [127.05875856069063, 37.1982441990671], [127.05853071161465, 37.198130182594724], [127.05843081839592, 37.19807604178609], [127.0583232502263, 37.198015849551055], [127.05818790158071, 37.19794968757263], [127.05815033357887, 37.19792965728802], [127.05806700161966, 37.19789485368837], [127.05795175857325, 37.197873490808334], [127.05779124163139, 37.19784488690988], [127.05772329321522, 37.19783662955607], [127.05758360724649, 37.19782912697541], [127.0574689144942, 37.197820504141845], [127.05741044097041, 37.19781511646645], [127.05726842839928, 37.19778364681368], [127.05717155179023, 37.1977402169456], [127.05706972356808, 37.1976565035953], [127.05697230584066, 37.197581266925745], [127.05688083518423, 37.197536464698835], [127.05678363541837, 37.19749708035507], [127.05677114199801, 37.19746329699218], [127.05676289100579, 37.19740863443412], [127.05675131868243, 37.19734044873646], [127.05675974024982, 37.197289166331316], [127.05675567584895, 37.19727610307236], [127.0567521194977, 37.197264670468016], [127.056750076002, 37.197258093791405], [127.05674677917362, 37.19724729179746], [127.05669034983929, 37.197233288821344], [127.05660577910618, 37.197212306798804], [127.05645599603676, 37.19718067759387], [127.05632309425283, 37.197145057770506], [127.05616900689577, 37.19714208342963], [127.05592648951622, 37.197217576509054], [127.05574116329839, 37.19728647430616], [127.05546020498535, 37.197349684754215], [127.05536011811836, 37.19736724660765], [127.05515287717904, 37.19741150084802], [127.05508870700156, 37.19742521676192], [127.05447048479928, 37.19747637676027], [127.0542644525885, 37.19742974949608], [127.05413167390537, 37.197392126840846], [127.05380423797347, 37.197272333710366], [127.0535238370624, 37.19724731799157], [127.05345954815306, 37.19725236502135], [127.05278324566869, 37.19704533817033], [127.05272215950939, 37.1970726662612], [127.05248812782698, 37.19707550637434], [127.05237183902058, 37.197102921098704], [127.05233579702451, 37.19710487381395], [127.05221676268457, 37.19706921640172], [127.05212103145693, 37.197031719795035], [127.05211735976621, 37.19703204573981], [127.05210526345022, 37.1970331051293], [127.05191844597057, 37.19701511881053], [127.05182149245165, 37.197002455286935], [127.05177625912255, 37.19698691343739], [127.05162171698245, 37.196908605996676], [127.0514384126681, 37.1968028736514], [127.05129788867596, 37.19669888008774], [127.05122754650627, 37.19667898751834], [127.05108798725075, 37.19663710234775], [127.05098534572768, 37.19660629346778], [127.0506998959909, 37.196519659695106], [127.05068555479899, 37.196515304589745], [127.05064134348596, 37.19649439165141], [127.05062544588124, 37.19648684748394], [127.05061781727679, 37.196481822813716], [127.05061920210765, 37.19648093921532], [127.05044099491302, 37.19636336347039], [127.0502848964576, 37.1962603752887], [127.05026954846824, 37.19624913656109], [127.0502630680251, 37.196242940036356], [127.05024695144374, 37.196227520771814], [127.05021566506261, 37.19619767299663], [127.05018250071133, 37.196154941036454], [127.0500647123136, 37.1960031452099], [127.0495798281094, 37.19597369855311], [127.04934659227442, 37.19598310075807], [127.04931098757152, 37.19598119590272], [127.04928001119298, 37.19597782947705], [127.0492253712467, 37.19597567096673], [127.04920105502396, 37.19597787029807], [127.0491033053586, 37.19598597396337], [127.04905464851221, 37.19598740814152], [127.04895565589584, 37.19598919585587], [127.04893312918325, 37.19598923190668], [127.04892041944808, 37.19599979724517], [127.0489124494972, 37.19600701780765], [127.0489019904023, 37.19601433848036], [127.04886783599997, 37.19604422179157], [127.04882231035022, 37.196081786540866], [127.04879009604251, 37.19608012345725], [127.04875156164492, 37.19607631839732], [127.04865884860277, 37.19606963353324], [127.04848457357069, 37.19605668265777], [127.04840898127756, 37.19605059450876], [127.04839535266194, 37.19605070802858], [127.04831237041898, 37.196060940673526], [127.04830043153014, 37.19606141393303], [127.04824799003245, 37.19608096929648], [127.04814908741385, 37.196119428846764], [127.04805563337577, 37.19617167216727], [127.04802222470357, 37.196187678843], [127.04797865064012, 37.19619423753154], [127.04788765848082, 37.19620213931298], [127.04783856330647, 37.19620538426443], [127.04770627055535, 37.19614316468176], [127.04767288734432, 37.19612709403525], [127.04757735837869, 37.1961202292131], [127.04746126014678, 37.196128086364304], [127.04744774387657, 37.19612774920889], [127.04736686253254, 37.19616672372305], [127.04735898083403, 37.19617115090619], [127.0473370289895, 37.19617199737187], [127.04726201583631, 37.19617374736156], [127.04719657617788, 37.19617485387005], [127.04717022088654, 37.196176603048215], [127.04714228617546, 37.19617412692629], [127.04712774325448, 37.19617100589972], [127.04711400003009, 37.19616787555311], [127.04705751357331, 37.196148236474386], [127.04702245522769, 37.19613712203796], [127.04696796440756, 37.196101984169886], [127.04695453312036, 37.19609308699485], [127.04694944972299, 37.196087060951335], [127.04694370496743, 37.19608634231832], [127.04688139050597, 37.19607726564174], [127.04684938819884, 37.196072177976916], [127.04675361875884, 37.196058464637844], [127.04673558433731, 37.19605552510551], [127.04668726326152, 37.196053534210925], [127.0466293685935, 37.19605200647628], [127.04654229076603, 37.1960508952803], [127.04650862547618, 37.19605248490158], [127.04638068815913, 37.19605820100235], [127.04628962763577, 37.19608385217598], [127.04625214909717, 37.19609401210692], [127.04623528246357, 37.19610403809993], [127.04614468667637, 37.19617311937184], [127.0460791389079, 37.196220268720346], [127.04598952947347, 37.19628160051149], [127.04597929426946, 37.19628711875121], [127.04590940383999, 37.19630471534866], [127.04578931090029, 37.19633915319518], [127.04566762698511, 37.19636891508768], [127.04560279185112, 37.19638335596109], [127.04555417632416, 37.19639830436586], [127.04549902883134, 37.19641470585915], [127.04546256419664, 37.19642566709365], [127.0454389278118, 37.19643526298243], [127.04536862954703, 37.196468717808884], [127.04534702049838, 37.19647821381377], [127.04531720014715, 37.19648728034955], [127.04525001493933, 37.19650892125048], [127.04520837034251, 37.196522145942644], [127.04517809916008, 37.19653076208703], [127.04513332972907, 37.196555160866], [127.04510949378451, 37.19657043334764], [127.0450364099868, 37.19661795431805], [127.0449779404295, 37.196655621457055], [127.04497052184053, 37.196662661342316], [127.04489286487873, 37.1967298356981], [127.04479553989502, 37.196813524338936], [127.04472125951092, 37.196876903946425], [127.04456888219745, 37.19696780280735], [127.04445000128565, 37.19703711831242], [127.04439426654523, 37.19707194587716], [127.04437669038099, 37.19708291795832], [127.0442827410031, 37.19712236363274], [127.04422991413398, 37.19714078203683], [127.04407837166036, 37.1971959354997], [127.04400568490946, 37.197210531496054], [127.04387452485295, 37.19721764266606], [127.0438700986713, 37.19721834706402], [127.04379849228, 37.19723136571783], [127.04370932528052, 37.19726335758586], [127.04333303834161, 37.197417110214985], [127.04329629343245, 37.19743190032192], [127.04326333225373, 37.19744520235946], [127.04323035870897, 37.19745652209281], [127.04320063730295, 37.19746233528672], [127.04315043106332, 37.19747476934654], [127.04312151207881, 37.1974855379868], [127.04301115730892, 37.197537440855484], [127.04293598945478, 37.197567931500124], [127.04290480175129, 37.19757014996236], [127.04287687040167, 37.19757452077724], [127.0428639300083, 37.197577246451395], [127.04279632233464, 37.19761214047858], [127.04267904117461, 37.197645402827085], [127.04252946002735, 37.19768638018334], [127.04245820431574, 37.19770343458692], [127.0423919898647, 37.19771156686143], [127.04238257039715, 37.19770585748564], [127.04226990835242, 37.19782543795549], [127.04200044434258, 37.19811331514659], [127.04186004747315, 37.198270739575634], [127.04159584659331, 37.19859144811179], [127.0419367598244, 37.19874762752477], [127.04197567637145, 37.19876909514968], [127.04200501928808, 37.19881270470889], [127.04202162207628, 37.198854795852014], [127.04207078974959, 37.19892022192136], [127.04211622597681, 37.198979657299944], [127.04218345695779, 37.19905857478091], [127.04221924967322, 37.19909360412283], [127.04235047202589, 37.19917490529017], [127.04240661821689, 37.199209143647224], [127.0424287734154, 37.199228553513905], [127.04248873510596, 37.199382224010364], [127.04243448354659, 37.199582067478126], [127.04244253144842, 37.19961306964997], [127.04245209189354, 37.19964994611055], [127.04247544556604, 37.19973995241324], [127.04248792342501, 37.199776872913475], [127.04253071495762, 37.19990150863925], [127.04252514945772, 37.20029500581648], [127.04257538863311, 37.20054765936512], [127.04269389266177, 37.20078726907399], [127.0427299657201, 37.200880190270986], [127.0427405674624, 37.200925707355815], [127.04273778563669, 37.200926456190984], [127.04275624987828, 37.20097223184044], [127.04276958216713, 37.20098481479089], [127.04278796048366, 37.20101753432858], [127.04281535118048, 37.20105221499839], [127.04288997168089, 37.20114751947421], [127.04293032499304, 37.2011982341815], [127.0429570366116, 37.20122676993093], [127.04302175752319, 37.20128323375309], [127.04307502509917, 37.201364291064266], [127.04311141622863, 37.201419683519234], [127.04314610450076, 37.201471400299326], [127.04319360678184, 37.201535078431924], [127.04323507699324, 37.20158821644867], [127.04326963538522, 37.201628796326716], [127.04345456509716, 37.20165863665976], [127.04350226909423, 37.20167909149058], [127.04366938059835, 37.20175226002189], [127.04391162339297, 37.20190333278475], [127.04392834686789, 37.20191643699465], [127.04391429545001, 37.20192781320633], [127.04407460441624, 37.20212157037478], [127.04411887902596, 37.202192349518725], [127.04412625088717, 37.20222130643453], [127.04420676827084, 37.202381663345065], [127.04432049307256, 37.20246188733509], [127.04434605076068, 37.202479917004595], [127.04440826596479, 37.20252378436254], [127.04441310029796, 37.202527197569964], [127.0444951635346, 37.20263096813117], [127.04459879526735, 37.202630389855614], [127.044644235515, 37.202630112015896], [127.04476978756621, 37.20262933638788], [127.04591824161227, 37.202912289873304], [127.04617930781842, 37.20316511484967], [127.04627631628331, 37.20325905714631], [127.04681495866842, 37.20359664483979], [127.04684831408414, 37.2036175453143], [127.04691150488668, 37.203631262036694], [127.04727732249472, 37.2037106384187], [127.04730010790566, 37.204135021405136], [127.04766471607726, 37.2042584581071], [127.04773715112445, 37.20428298331442], [127.04796870777147, 37.20443250208625], [127.04814576785877, 37.20454682906693], [127.0483052011768, 37.20462771599054], [127.04863920206743, 37.20479716907578], [127.04865632977977, 37.204805857335], [127.04908146535165, 37.2051753857154], [127.04907857435472, 37.20523566671601], [127.04904988366717, 37.20582928594903], [127.04897496678346, 37.206179822036276], [127.04893224633244, 37.20649745707424], [127.04890637706664, 37.20656153163736], [127.04881585388955, 37.20663671486864], [127.04875404386841, 37.20705356234737], [127.0487180997797, 37.20758212886396], [127.04873124130668, 37.20788172060818], [127.048784001362, 37.20866695895032], [127.04879147600282, 37.208730389422946], [127.04881457861752, 37.208925005571], [127.04883937992764, 37.209133677305495], [127.04887431810532, 37.209339011114395], [127.04887804423116, 37.20935270548272], [127.04891914576714, 37.20950559608709], [127.04894578523515, 37.209590553803274], [127.04894815570421, 37.209598121617454], [127.04897761734412, 37.20969226883607], [127.04902929198305, 37.20981839417199], [127.0491155829927, 37.209994333265456], [127.04920850310967, 37.21014179665698], [127.04927853237916, 37.210253948312975], [127.04938169848127, 37.2103914959551], [127.04950987733494, 37.21053362869108], [127.04982934176533, 37.210846250867995], [127.04990926462712, 37.21092442877778], [127.0503474970144, 37.211450458034655], [127.05053467075665, 37.21170348368456], [127.05066527427124, 37.21192959133328], [127.05070305694612, 37.211994991363035], [127.05070587654087, 37.211999855823656], [127.05080383651865, 37.21191989259353], [127.05093680327926, 37.21162213260211], [127.05113591560523, 37.211522754418304], [127.05113635271873, 37.21150212035123], [127.05096803570902, 37.21131747693605], [127.05097151788327, 37.211301887438196], [127.05103513865609, 37.21125581755839], [127.05109074796353, 37.2111901983642], [127.05111237577799, 37.211186855450464], [127.05128882443452, 37.211230932539806], [127.05129713637251, 37.211193445657216], [127.05130035698672, 37.21112280253066], [127.0512950376403, 37.21108550158499], [127.05126796793623, 37.211036406113436], [127.05123324736036, 37.211002090953045], [127.05125112552969, 37.21095009326315], [127.05133253319161, 37.21088536415929], [127.05134190031002, 37.21087647593449], [127.05135741458953, 37.21086174636321], [127.0513600153131, 37.21085927641076], [127.0513794025229, 37.21084086895094], [127.05141315560505, 37.21080881364452], [127.05143089904367, 37.21079196567311], [127.05145448564254, 37.210769564810114], [127.05154478994704, 37.210905367953785], [127.05172818602234, 37.21113183959836], [127.05180406931161, 37.21119685369941], [127.05184546660763, 37.211275803524735], [127.05189233084853, 37.21135929226605], [127.05195569721423, 37.21143951218553], [127.05202795762072, 37.21166284993979], [127.0520794448529, 37.211768628431805], [127.0521117989656, 37.2118177214543], [127.05232835485232, 37.21209577167861], [127.0523716847377, 37.2121823252803], [127.05238397690337, 37.21225124076967], [127.05238947507556, 37.21230227347498], [127.05238151384717, 37.21235810550854], [127.05234397691731, 37.212392757709715], [127.0523061562421, 37.21242432845405], [127.05226860340392, 37.21245215073325], [127.05222655270383, 37.21247583012929], [127.05219739698097, 37.212492989453644], [127.05217789406979, 37.21250718021139], [127.05217323746726, 37.21253516859278], [127.05222074818747, 37.21260658293601], [127.05223684137546, 37.21259807921174], [127.05226722582353, 37.21258199159241], [127.05231617270555, 37.2125604717274], [127.05236119038142, 37.21254281900256], [127.05246162189205, 37.21252109675566], [127.05255176720902, 37.212532167804106], [127.05264534543797, 37.21255520315049], [127.05270776794411, 37.21243633765043], [127.05271306067596, 37.21243308259812], [127.0527475103281, 37.21243131066834], [127.05279163803436, 37.21249719384415], [127.05281608809238, 37.21261842757597], [127.05281102723, 37.212664653262934], [127.05265807305553, 37.212801443637744], [127.05261400384711, 37.212839090204305], [127.05260754250646, 37.21286361036517], [127.05264576171912, 37.212871559090225], [127.05275682857263, 37.21286650129342], [127.0528353835658, 37.21288024422561], [127.05286280861898, 37.21290263226208], [127.05289537285068, 37.212944462565176], [127.05292873768137, 37.212987301679355], [127.05302306680397, 37.21308642945759], [127.05306413740968, 37.213145465929195], [127.05312103355054, 37.213232950420135], [127.05316459963095, 37.21328359706062], [127.05319495159435, 37.21331886865254], [127.0532713617356, 37.213407939397904], [127.05327419003527, 37.21354066174572], [127.05328377201216, 37.21358226770734], [127.05333778504331, 37.2137197522029], [127.05335363889067, 37.213789386848944], [127.05335466958466, 37.21379740567706], [127.05335714456649, 37.213808694657686], [127.05336324964733, 37.21384001222624], [127.05337993085914, 37.21385097061126], [127.05338503105128, 37.21386258281692], [127.05341139464596, 37.21394642229202], [127.0534417603558, 37.21398475735537], [127.0534934712387, 37.21405007828063], [127.05349653967788, 37.2140560148045], [127.05352309260752, 37.214119977170014], [127.05333760086515, 37.2142081263745], [127.05322217595882, 37.214301353630425], [127.0531301434267, 37.214466933304834], [127.05302325993901, 37.214580177804606], [127.05295214058212, 37.2146354426167], [127.0528407591602, 37.21469550036505], [127.05277849800629, 37.21473891252442], [127.05284868486423, 37.21482015615512], [127.05289060040589, 37.21486135166257], [127.05292708185067, 37.214896881956896], [127.05296637601315, 37.21492672544011], [127.05307946775244, 37.214962483684324], [127.0531933290304, 37.21498660902686], [127.05329031628746, 37.21498166499829], [127.0533754604944, 37.21497340123002], [127.05347924444769, 37.2150224175014], [127.0535854531886, 37.21509134565275], [127.05368427887959, 37.21513829152565], [127.05382075854797, 37.2151557115543], [127.05384122637102, 37.21518414842196], [127.053938843514, 37.21524254686433], [127.05402342532516, 37.21531655705932], [127.05411780441953, 37.21538405731615], [127.05422946288367, 37.21543070869799], [127.05438362250301, 37.215484053775754], [127.05452023111951, 37.215507527944254], [127.05452040488545, 37.21553045038367], [127.05460535027156, 37.21554324318043], [127.05490180428569, 37.215645639531125], [127.05495312647508, 37.21566762885032], [127.05516074821796, 37.215772290171465], [127.05528072715991, 37.21584147185765], [127.05540189666202, 37.21592102387639], [127.05548324133963, 37.21600259423716], [127.0555052204473, 37.216047879614514], [127.0555136233346, 37.21606114813624], [127.05551436564178, 37.21605936373411], [127.055523991079, 37.21608074107794], [127.05552618339921, 37.216153273979025], [127.05552676072189, 37.21617291643654], [127.05553084878335, 37.21623383403756], [127.05548697190913, 37.21643154270162], [127.05544656862666, 37.21653957804397], [127.05543196132442, 37.21657860883134], [127.05536757465894, 37.216881090943964], [127.055349615198, 37.21707034498397], [127.05534799700273, 37.217139644867046], [127.05532243932794, 37.217227454021454], [127.055288332988, 37.21731906043772], [127.05526004738306, 37.21735740360582], [127.05520615031628, 37.21742391594409], [127.05512126337143, 37.217528673501064], [127.05512015378376, 37.217536873485734], [127.05513268091875, 37.21758280293777], [127.0551538427026, 37.21761907831792], [127.05518266699025, 37.2176570531916], [127.05521903632554, 37.21768995177054], [127.05532176971444, 37.217759871054156], [127.05537020804364, 37.21779607092656], [127.05540091461933, 37.21781903353055], [127.05552006682832, 37.21792477960851], [127.05561679081299, 37.217987862464824], [127.05566926662843, 37.21801353619904], [127.0557157068451, 37.21802805777277], [127.05577896782657, 37.21804208506009], [127.0558173324414, 37.218075874570395], [127.0560470645512, 37.21823948833673], [127.0562309185795, 37.218370415035594], [127.05636742148415, 37.218457752958386], [127.05659793301321, 37.21860541684309], [127.05662017746096, 37.21861081274668], [127.05657142255515, 37.218636632249186], [127.05651227714814, 37.218674476455234], [127.05651816617618, 37.218685205128885], [127.05652211469004, 37.21869230350487], [127.05653953559718, 37.21871128937469], [127.05654825177253, 37.218720899441415], [127.05657757089938, 37.21874060060975], [127.05668074774796, 37.21881241068308], [127.05677251086188, 37.2188678270302], [127.05681607706613, 37.2188954236278], [127.05685447296621, 37.2189245453858], [127.0569184940101, 37.21897516301468], [127.05710781950118, 37.219157282969235], [127.05717204571177, 37.21919528577792], [127.05722675543625, 37.219223291464836], [127.05727604865699, 37.21923979337329], [127.05732476396528, 37.21925178131432], [127.05736386411196, 37.21925756559199], [127.05738462866951, 37.2192725671543], [127.05754017851706, 37.21940969530164], [127.05763188496176, 37.219493250536786], [127.05769462674675, 37.219564673400185], [127.05771484500626, 37.219587261934045], [127.05774844106625, 37.21964559744803], [127.05782173599997, 37.219772041846525], [127.05800204066128, 37.21990858994738], [127.05804812896943, 37.219947619102214], [127.05824580718968, 37.22012809332304], [127.0582804735649, 37.220155432336306], [127.05829299687944, 37.220163067166204], [127.0583900015769, 37.22020298181808], [127.058487356947, 37.22024461721098], [127.05853678318289, 37.22027193102681], [127.05858416842769, 37.22029698419097], [127.05863135490003, 37.220327344566904], [127.05865525091794, 37.22034061439349], [127.0587452450876, 37.220466194157545], [127.05887501441329, 37.22060964026815], [127.05898958985608, 37.22074465985858], [127.05918826812443, 37.220841893781476], [127.05924710806406, 37.22086106630868], [127.05936636401384, 37.22094182252853], [127.05938438939647, 37.22095403184503], [127.05941040890563, 37.220959037929724], [127.05942181120557, 37.22095905938656], [127.05948711924825, 37.22093491556713], [127.059575078194, 37.22094555883216], [127.05966980978268, 37.22095764037288], [127.05972972979362, 37.2209891563979], [127.05985901958164, 37.22104767849425], [127.05993197837624, 37.22111178767271], [127.0600513354265, 37.22120527486491], [127.06017337948049, 37.221290840450266], [127.0602133430679, 37.221260581699816], [127.06024225987852, 37.22123844679732], [127.06046715280215, 37.221066281202845], [127.0608665572103, 37.22076071876231], [127.06092702491269, 37.22071437491092], [127.0611228475849, 37.22057308330927], [127.06115313358333, 37.220544775358285], [127.061297042442, 37.22043883042374], [127.06137980672723, 37.22037787820893], [127.06143205433096, 37.220338386167526], [127.06151830544918, 37.22027022375826], [127.06160018369408, 37.22008700049108], [127.0616110564412, 37.220016173103424], [127.06162399103478, 37.219987963936674], [127.06167291745068, 37.21988125576579], [127.062131806869, 37.21888050506775], [127.06213845393866, 37.218866021923915], [127.0621550884622, 37.21882976449662], [127.06215784400634, 37.21882375313694], [127.06216508715073, 37.218807954165214], [127.06236729795653, 37.218366979682514], [127.06291717706416, 37.21716776043937], [127.06347881200466, 37.21482511855685], [127.06349362154911, 37.21476335336104], [127.06364529723999, 37.214130697030114], [127.06401283835976, 37.212597514780136], [127.0640325533081, 37.212515275213896], [127.06405220073789, 37.212433179845725], [127.06412192113135, 37.21214237650325], [127.06401781171174, 37.2119891641007], [127.06351362370634, 37.21220838248986], [127.06341328597402, 37.21211986245836], [127.06282084725754, 37.21159729540043], [127.06224885388401, 37.2109920892057], [127.06179631089223, 37.21027905469632], [127.06133731650662, 37.2093743697296], [127.06119278304215, 37.20908962285757], [127.05983561981338, 37.20641474025859], [127.05947892386689, 37.20546737769454], [127.05934883388846, 37.20460550265897], [127.05947113073975, 37.19984279271086], [127.05947977224345, 37.199506698790586], [127.05956403831962, 37.199522606019556], [127.059583515887, 37.19952560596276], [127.05973510096054, 37.19954922002554], [127.05985764429734, 37.19956828891483], [127.0601450999664, 37.19961323526954], [127.06021042208086, 37.1996022101748], [127.06026942766347, 37.19957992511766], [127.06032122061514, 37.199552868074555], [127.06038352414357, 37.19957112833766], [127.06047822700545, 37.19953702174467], [127.06051330974903, 37.19945915400848], [127.06072206607764, 37.19950599428639], [127.06079831722388, 37.1994991082104], [127.06098157354802, 37.19949000590939], [127.0611729276251, 37.199465401276896], [127.06124771438503, 37.19945851564911], [127.06133668039001, 37.1994348633816], [127.06139085193908, 37.199425104729016], [127.06144264516777, 37.199399038344254], [127.0614795863102, 37.19939352327703], [127.0616086548819, 37.19937408540867], [127.06177853778352, 37.199262269551596], [127.06201580831919, 37.19918853324701], [127.06210139720942, 37.199168125890466], [127.06219206235076, 37.19915717684257], [127.06225446528481, 37.19915876674295], [127.06238240470354, 37.19913662547558], [127.06254697643945, 37.19914546114411], [127.06259935274593, 37.1991448034162], [127.06273789568411, 37.19914202876038], [127.06287464369264, 37.19914826532048], [127.06304733461243, 37.19916835914825], [127.06319728264327, 37.19920071877807], [127.06329460720748, 37.19920679516566], [127.06348710837041, 37.199209307645305], [127.0635965658907, 37.19917627209227], [127.06365760029325, 37.199157228044584], [127.06380725101788, 37.19910164508453], [127.06392809152572, 37.19907689285078], [127.0640114407528, 37.199073154623484], [127.06403971658284, 37.19907755482217], [127.06430918158301, 37.19911895045497], [127.06431447558163, 37.199118947648586], [127.0644518948671, 37.19911959555444], [127.06446310965191, 37.19907409584273]]]}}, {"id": "587", "type": "Feature", "properties": {"EMD_CD": "41597103", "COL_ADM_SE": "41590", "EMD_NM": "\uc11d\uc6b0\ub3d9", "SGG_OID": 9891}, "geometry": {"type": "Polygon", "coordinates": [[[127.06401781171172, 37.2119891641007], [127.06412192113135, 37.21214237650323], [127.07049137460208, 37.21314782620396], [127.07036754666031, 37.21375060563849], [127.07054531130859, 37.21386006894285], [127.07045184532117, 37.21415386323469], [127.07065867505219, 37.214137163494705], [127.0686135114505, 37.22249261958039], [127.06839871238309, 37.222442553081635], [127.06842163726762, 37.22275682330289], [127.06856758996095, 37.22267537674296], [127.06847980759545, 37.223046565261185], [127.07079365181482, 37.2243723776984], [127.07079923788211, 37.2244433764543], [127.07077647402035, 37.22456295789567], [127.07077180218602, 37.22462918713242], [127.07086120406183, 37.224683377479515], [127.07103089472258, 37.2248062700766], [127.0710819710843, 37.22484318276044], [127.07294857009975, 37.22591746376471], [127.07299651475023, 37.22585787604856], [127.07306256040269, 37.22587513614863], [127.07311008064818, 37.22596268858399], [127.07302963344021, 37.22608735111042], [127.0730687013634, 37.22617328678963], [127.07331839454527, 37.226170702859434], [127.0734420531144, 37.22610494196133], [127.0735845652676, 37.22607755379347], [127.07422903444102, 37.22595378937909], [127.0743042219929, 37.22593934456294], [127.07465746267239, 37.22593372069038], [127.07482623528098, 37.22590214298892], [127.07494575328992, 37.22587922756531], [127.07529501852511, 37.225806692976285], [127.0754311586544, 37.22575161757515], [127.07545721097394, 37.22574129340728], [127.07574461767015, 37.225625519110984], [127.07576186256212, 37.22563082444145], [127.07576894685445, 37.22561613303668], [127.07581535306724, 37.22559880395109], [127.07589545366115, 37.22558532816593], [127.0767334226121, 37.224889736094134], [127.07705932679247, 37.224594347688424], [127.07722110762593, 37.224234008243705], [127.07726341870013, 37.224066387579974], [127.0773946524292, 37.22392087556622], [127.07745900401044, 37.223934890558745], [127.07764559574981, 37.2238243932478], [127.07802706588592, 37.22333118789472], [127.07815387917313, 37.22327388979738], [127.07814897383217, 37.22321424405399], [127.07777723044647, 37.22295921906841], [127.07783497511565, 37.22290268659538], [127.07803646139457, 37.22270513847912], [127.0782508755112, 37.22259065763325], [127.07869860122699, 37.222664342182824], [127.07916254599087, 37.222511582768455], [127.0792743360347, 37.222200199699024], [127.07963806926226, 37.22178845480449], [127.08010085253882, 37.221717777322205], [127.08010434097143, 37.22171354011355], [127.0801151439083, 37.22170046784636], [127.08028979013692, 37.22148842690488], [127.08033615227963, 37.2214321710822], [127.08036629531205, 37.22138133228783], [127.08046438601592, 37.221337115918104], [127.08048986860305, 37.22135520985988], [127.08058616136509, 37.22142362475345], [127.08073189729465, 37.221473084641204], [127.08082498109006, 37.22148942129822], [127.08087228111742, 37.221468395353064], [127.08100790477977, 37.22132972424973], [127.08103345372065, 37.221303576900766], [127.0810577466078, 37.22126157206224], [127.08107394172481, 37.2212334486949], [127.08115815234842, 37.22116932805881], [127.08118920632788, 37.22112821968717], [127.08131144272072, 37.22101019108116], [127.08139323436082, 37.22089633442087], [127.08143462070696, 37.220823862773585], [127.08143748322185, 37.22065365411871], [127.08158424901067, 37.220505784195545], [127.08171725725403, 37.220347291114436], [127.08187990639993, 37.22019760797829], [127.0821094490439, 37.22001832495396], [127.08231255307346, 37.21987627253438], [127.0824554537863, 37.21980472237033], [127.08256918851524, 37.219747698765325], [127.08271314158866, 37.21971236943992], [127.08294416454004, 37.21965562542519], [127.08337174255368, 37.21955117028506], [127.08370817785513, 37.21945344459191], [127.08379191118509, 37.219368688544385], [127.08384525740709, 37.2193147691863], [127.08417465527673, 37.21906765435215], [127.08425711024653, 37.219051197820875], [127.08429269197062, 37.21906259816687], [127.08438093911658, 37.2190986231775], [127.08442320091143, 37.21909864766482], [127.08459423491979, 37.219030364018565], [127.08477737535674, 37.21892673276047], [127.0848120892371, 37.21890710168548], [127.08493602433879, 37.21883603940768], [127.08508917089526, 37.21874183566125], [127.08517887447842, 37.21867858227704], [127.08525630826483, 37.21861516630196], [127.08525630611756, 37.21858264770779], [127.08526351023052, 37.21857668672834], [127.08535728053685, 37.21848269579824], [127.08544489504095, 37.21839530478039], [127.08581974902071, 37.2181116068633], [127.08594230802743, 37.21800071845581], [127.08614475853926, 37.21781946456905], [127.08638128382806, 37.21762309347002], [127.086527416276, 37.21751701714033], [127.08678459594594, 37.217394939326255], [127.08709369956541, 37.21724059317764], [127.08728691338202, 37.217164693814404], [127.08753390888192, 37.217075167376834], [127.08770960188663, 37.217018580363906], [127.0878576807231, 37.21692266472069], [127.08791297579987, 37.2168824559487], [127.08800144554525, 37.21681812005898], [127.08821949292594, 37.21665737694126], [127.08829176125973, 37.21660308128872], [127.08820681124006, 37.216602080265574], [127.08807713288954, 37.216600544221755], [127.08799364750975, 37.21659954197536], [127.0881025637952, 37.216415505664465], [127.08807170316875, 37.21627574055703], [127.08806325477057, 37.21623750650542], [127.08798151303914, 37.215868598478465], [127.08778309238554, 37.21494998647653], [127.08769631137496, 37.214763912335364], [127.08742938477742, 37.21443819023018], [127.08739782810201, 37.21439816178273], [127.08717871761117, 37.214122619504515], [127.08711842599412, 37.214046687197815], [127.08701795886248, 37.213929984666315], [127.0868512455949, 37.213741237386266], [127.08688362188408, 37.213719282682945], [127.08669236625029, 37.213485221410025], [127.08605096088077, 37.21269747591228], [127.08571675377827, 37.21228682949951], [127.0852519434471, 37.21172029500086], [127.08493244942728, 37.21134286636054], [127.08479011903711, 37.21116841648857], [127.08461826181538, 37.210962820085584], [127.08464585984757, 37.21091931638982], [127.08461782718253, 37.21091576793034], [127.08455027137249, 37.210734273179895], [127.08456431730106, 37.21074252589646], [127.08457643175082, 37.21075642950491], [127.08443365676229, 37.21046218583601], [127.08434997746026, 37.21020542009936], [127.08428960981327, 37.21001317971768], [127.08432394426117, 37.210082923482084], [127.08425594337976, 37.20982264164284], [127.08435314848298, 37.20938596425674], [127.08458883327948, 37.20886396004407], [127.08479758201247, 37.20846703005666], [127.08484354987907, 37.2084108086697], [127.08490818811134, 37.208266082659236], [127.08510656803105, 37.20792899767759], [127.08551782623971, 37.207249671423575], [127.0855607801245, 37.20716867318928], [127.0855712529071, 37.20714503138795], [127.08567567943386, 37.206921651632335], [127.08569987469511, 37.20686920271762], [127.08578905591143, 37.20665318620094], [127.08581262103408, 37.20658125714743], [127.08585048899965, 37.20646562630344], [127.08589435225751, 37.20630163216475], [127.08594974397224, 37.20601039341665], [127.08595558383786, 37.205933701428684], [127.08596388163126, 37.20580844143323], [127.08596344069616, 37.20560480587304], [127.08594509379553, 37.20511241656484], [127.08586699381837, 37.20481739837847], [127.08586222588922, 37.204804606951136], [127.08567525942455, 37.20431167971534], [127.08566195081977, 37.204276638561716], [127.08549953399984, 37.20395800952948], [127.08546246066184, 37.20388527650725], [127.08544312923212, 37.20387376585267], [127.08546881631486, 37.20386715200872], [127.08534295324144, 37.203710387405096], [127.08522332135674, 37.20376908491454], [127.08510767357593, 37.203732818464864], [127.08500808394487, 37.20370210002647], [127.08504978616564, 37.20364168265681], [127.0849744539752, 37.20355397406765], [127.08490398165358, 37.20347054196744], [127.0848672567147, 37.203427074418016], [127.08467252878802, 37.20326368979892], [127.08462795319593, 37.203251430840965], [127.08460555143346, 37.20325436593903], [127.08454205606967, 37.20320506027493], [127.08455313876841, 37.20319340200664], [127.08447893894883, 37.20313075934826], [127.08439903419959, 37.203063309058926], [127.08418595146142, 37.20288312298649], [127.08416744590292, 37.20292612471528], [127.08414726593021, 37.202910803022526], [127.08414416565296, 37.20291877942566], [127.08379774748234, 37.20265547415129], [127.08374211240601, 37.20261355115517], [127.08331192195737, 37.202285400348764], [127.08326932486555, 37.202247793136635], [127.08316463630803, 37.2021553551273], [127.08300452961602, 37.20203316663557], [127.08295594078946, 37.201996077025825], [127.08308247297185, 37.201818844660515], [127.08312779106075, 37.2016429295966], [127.08314231697727, 37.20121996936349], [127.08306982566128, 37.200952138786825], [127.08296578551764, 37.20046537603674], [127.08298789974822, 37.20008034449646], [127.08321477861465, 37.19943229210859], [127.08324808470759, 37.19933716386828], [127.0832773921164, 37.199043673383095], [127.08336586258427, 37.19877654262509], [127.08338562663653, 37.19840791154085], [127.08332776900872, 37.19809862281475], [127.08327596151749, 37.197821677381036], [127.0832246615874, 37.1976495320997], [127.08321808236875, 37.19762745202582], [127.08296200417263, 37.19705077935609], [127.08295300031101, 37.19702579956709], [127.08279397045693, 37.196584342633514], [127.08275016048381, 37.19646274060244], [127.08270669132322, 37.196343724318595], [127.08263899803597, 37.196343590484034], [127.08234310844497, 37.19634397294335], [127.08210499909086, 37.19634332422174], [127.08190191560864, 37.19644573082406], [127.08170057864403, 37.19649605548636], [127.0815632612403, 37.19669419806798], [127.0815069980746, 37.196959053220816], [127.08145623702535, 37.19720813633463], [127.08141298653402, 37.1974233350596], [127.08135330374859, 37.197650708943414], [127.08114427051598, 37.198098128333385], [127.08093542506174, 37.198082049722345], [127.08045724014764, 37.19815003781023], [127.08026011552039, 37.198248743315276], [127.08008343148161, 37.19839933511939], [127.08004617738202, 37.19864462422358], [127.07981654559929, 37.1990069061249], [127.07956223167685, 37.19957626389241], [127.07957555591763, 37.19971753891562], [127.07959265621062, 37.19980664096119], [127.07949821118622, 37.199973846948666], [127.0794547969262, 37.20014624535127], [127.0794343512936, 37.20041873467675], [127.07948613592484, 37.200718207801295], [127.07949992532554, 37.201092582699935], [127.07953146891161, 37.201315390215164], [127.07958921795091, 37.201499075119344], [127.07977837219858, 37.201854051878904], [127.07964828875868, 37.20198127510194], [127.07941888580785, 37.20246826040386], [127.07892295565723, 37.20261599634361], [127.07862761365897, 37.20262510930585], [127.07826304336275, 37.202569931847286], [127.07811167145117, 37.20247911445979], [127.07787225639109, 37.202431423576186], [127.07757469016335, 37.202580737829535], [127.07750612918893, 37.202619526732306], [127.07734221847284, 37.202605124955106], [127.07707046658064, 37.202662154485076], [127.0769481923199, 37.20271908830024], [127.07659223685583, 37.203058737775116], [127.07641764402386, 37.20329239894044], [127.07594697102896, 37.20359148184014], [127.07578604464256, 37.203520670678444], [127.0756267602978, 37.20340084147076], [127.07534011435769, 37.203436521598], [127.07508011264257, 37.2035343565302], [127.07499715946352, 37.203602526949666], [127.07483993408938, 37.20374688153107], [127.07431762432469, 37.203656648759676], [127.07414269439884, 37.20354727928455], [127.0741231951911, 37.203535127142906], [127.07414557363727, 37.20361314384179], [127.07417201650689, 37.20370070910968], [127.07419981083437, 37.2037879131234], [127.07422906935565, 37.20387484591731], [127.07425956678462, 37.20396150762873], [127.07429186721821, 37.20404879895404], [127.07432450401885, 37.20413437807888], [127.07435950662882, 37.204220135947395], [127.0743955237382, 37.20430652391093], [127.07443221481256, 37.20439083904625], [127.07446992030484, 37.20447569417056], [127.07451032869936, 37.20455982678091], [127.07455141280197, 37.20464368864644], [127.07459373576046, 37.20472718931467], [127.07463741013807, 37.20481023861036], [127.07468232337867, 37.20489292670601], [127.07472757317846, 37.204974082800796], [127.07477462577674, 37.20505559817979], [127.07482415741168, 37.2051378328398], [127.07487425134414, 37.205218985877075], [127.07492535851264, 37.20529941742901], [127.07497759165382, 37.20537921752882], [127.07503117624, 37.205458566243834], [127.07508588697895, 37.205537463712176], [127.07514194916902, 37.205615909792236], [127.07519891204609, 37.205693724553804], [127.07525688782131, 37.205770457403844], [127.07531621496642, 37.20584664875631], [127.0753452013773, 37.20588339327746], [127.07544530645625, 37.205958567992745], [127.07545906556196, 37.205974958400176], [127.07558075164518, 37.20611652644634], [127.07564243919414, 37.20618676926648], [127.07570514016788, 37.20625647079273], [127.07581656277577, 37.20626955619218], [127.07597216188694, 37.20641569787421], [127.07336137618961, 37.208048739581045], [127.07025755825461, 37.20998989694536], [127.06847950158256, 37.211101901574075], [127.06791669662505, 37.21138757871714], [127.06713856672611, 37.211634898135564], [127.06483987370372, 37.211720306786816], [127.0642701862628, 37.21187955395007], [127.06401781171172, 37.2119891641007]]]}}, {"id": "596", "type": "Feature", "properties": {"EMD_CD": "41597114", "COL_ADM_SE": "41590", "EMD_NM": "\uae08\uace1\ub3d9", "SGG_OID": 9907}, "geometry": {"type": "Polygon", "coordinates": [[[127.07117615973496, 37.184021690803746], [127.07312500037195, 37.186311891222495], [127.07314742359793, 37.18632458242618], [127.07314249422144, 37.18635197722712], [127.07311506096684, 37.1864005602279], [127.07310645672658, 37.18647201843219], [127.07310087014984, 37.18651905644603], [127.07310129561142, 37.186611863998806], [127.07311378636564, 37.186720522680766], [127.07315532690102, 37.186822586156374], [127.07319773188765, 37.186885904086864], [127.07330354619634, 37.1869535086203], [127.07330876212373, 37.186990898895], [127.07325945960702, 37.18701750963664], [127.07320261021705, 37.1870427733545], [127.07322582883069, 37.18706267243333], [127.07333769086681, 37.18709432151355], [127.07348534790985, 37.187106576246784], [127.07369740510079, 37.187099058656216], [127.07391800436555, 37.187073694743205], [127.07398994035995, 37.18707927329054], [127.07414033360074, 37.1870909488639], [127.07424124275803, 37.187092238533666], [127.07431836618186, 37.18706975510568], [127.07438489433262, 37.187037997364484], [127.07450266039427, 37.187001792903], [127.07460750637101, 37.1869981240791], [127.07471176662509, 37.18697102831208], [127.07487326085595, 37.1869676846597], [127.07491502969316, 37.186953962881006], [127.07498076233853, 37.186938424137026], [127.07507456960477, 37.186909658585165], [127.0751761636365, 37.18690900978334], [127.07522044042544, 37.18689179928713], [127.07524070372507, 37.18687164828697], [127.07533194016396, 37.186816753778146], [127.07542938897876, 37.186757638424695], [127.07561644865388, 37.186663317146476], [127.07578514447466, 37.1865854782183], [127.07584891511887, 37.18654499924961], [127.07587009023574, 37.18652470340121], [127.07595278263673, 37.18647455327897], [127.07611581096643, 37.18644050830841], [127.07631071174646, 37.18646487587478], [127.07639581794926, 37.186453099498124], [127.0764555352764, 37.1864368519098], [127.07650020568559, 37.186408269475855], [127.07654853375804, 37.186365844631084], [127.07658741857338, 37.18634041048095], [127.07660997708419, 37.18630715657129], [127.07671102835752, 37.18625969742062], [127.07677770156107, 37.18621695448064], [127.07684289855911, 37.186196062824834], [127.07689613506838, 37.186174863377154], [127.07699621939287, 37.186140658995164], [127.07709017872288, 37.186096727130824], [127.0772335056849, 37.18603712147959], [127.07740650297247, 37.18598427252433], [127.07759974277867, 37.18593658232682], [127.07769002503726, 37.1859099974973], [127.0777843572256, 37.1858903570625], [127.0780254036698, 37.18585434899352], [127.07814195910287, 37.18581613235678], [127.07819182630776, 37.18578242797552], [127.07834509986871, 37.18572662596746], [127.07849282062189, 37.18569252457568], [127.07861208287329, 37.18564761994964], [127.07868231257136, 37.18559318704267], [127.0787278722353, 37.185532309668034], [127.07891170248662, 37.18535934190717], [127.07893609245147, 37.18534530568274], [127.07901091272507, 37.18530927796597], [127.07909236694688, 37.18527406581081], [127.07915772703001, 37.18523788200647], [127.0791930068258, 37.185201645807474], [127.07922484604065, 37.18517082714624], [127.07926699396393, 37.18511117722177], [127.07928192326501, 37.18509650739054], [127.07933536739259, 37.18507053115885], [127.07935944391016, 37.18501460538224], [127.07937030189582, 37.1850052634018], [127.07940555319341, 37.18497437937551], [127.0794582989308, 37.18493741077475], [127.07954859146491, 37.184878819332134], [127.07965084951552, 37.18480391999071], [127.07969411209956, 37.184755478199655], [127.07968308133053, 37.18473914949684], [127.07971784396103, 37.18471514969745], [127.07974345391101, 37.18470506809629], [127.07984191390919, 37.18464961568896], [127.07991392148597, 37.184617301571144], [127.07996256074559, 37.1845955991967], [127.08007087030948, 37.184557944764336], [127.08042407953297, 37.18450215149196], [127.08062803242669, 37.184484616263774], [127.08070958719381, 37.18446098137928], [127.08080304444871, 37.184436365343146], [127.0810775967607, 37.18448363943559], [127.0810978439296, 37.184482409423865], [127.08146946407393, 37.18445793908104], [127.08179065901739, 37.1844272755143], [127.08184370166056, 37.184416904554695], [127.08193420886023, 37.184393154631614], [127.08194807648059, 37.184418671878994], [127.0820273150754, 37.18439900226661], [127.08233422654341, 37.184301885705864], [127.08247344216213, 37.18426962328265], [127.08253060238715, 37.1842555368881], [127.08257550113088, 37.184243738504435], [127.08277931908131, 37.184238012391724], [127.08289623228778, 37.18424390608611], [127.08299185867102, 37.18424758871959], [127.08298403134798, 37.18422615819391], [127.08298413703717, 37.18412534898176], [127.08298419428121, 37.18404234449054], [127.08294439321902, 37.183693765755805], [127.0829418560315, 37.183669673500475], [127.08299706454684, 37.183610932327106], [127.0830187942955, 37.18357483945522], [127.08303347495935, 37.18354982529828], [127.08306590267054, 37.18340858186809], [127.08310090795473, 37.18325576720544], [127.08312796293902, 37.18313474694935], [127.08314712258777, 37.18307559802421], [127.08315733909832, 37.183015031603624], [127.08313295747077, 37.182993531394935], [127.08315926592184, 37.18290098473238], [127.08323243385342, 37.18263150314966], [127.08324800594718, 37.182650180128334], [127.08331391933771, 37.18266109137511], [127.08327390794915, 37.18248377487136], [127.08332405086686, 37.182302638766544], [127.08334743931428, 37.182217888126885], [127.08336385494546, 37.18216257951442], [127.0834206367835, 37.181956128352695], [127.08343066679197, 37.181921331980476], [127.08349774079728, 37.181683391061675], [127.08350968651084, 37.18168111215598], [127.08353667423059, 37.18157190455282], [127.08359889143283, 37.18131075594289], [127.08366819380589, 37.18101017253839], [127.08367914531676, 37.18095303853321], [127.08368409600476, 37.1809491515853], [127.08372189021117, 37.180815770337325], [127.08377817619208, 37.18057964780605], [127.08383499139234, 37.180333424127504], [127.08389177989699, 37.1800836953549], [127.08391680980341, 37.17997698489917], [127.08390007791114, 37.179958029481355], [127.08393067550844, 37.179938680730146], [127.0839380400107, 37.17988669416798], [127.08393603293494, 37.17957334722108], [127.0838876504402, 37.179609720121114], [127.08387161623142, 37.179621345772134], [127.08387233384265, 37.17959775584442], [127.08387925252332, 37.17939443862723], [127.08388699013553, 37.179374961606634], [127.0838992926654, 37.179338667860584], [127.08389711435008, 37.17931335894394], [127.08383037639535, 37.17883051579751], [127.08381234092151, 37.17869958805457], [127.08377838373875, 37.178444939467184], [127.08377435728674, 37.178407918205], [127.08377084267188, 37.17837560005711], [127.08372850423109, 37.17820078109523], [127.0836439088718, 37.17815474215064], [127.08363591725139, 37.178074743643606], [127.08360148027533, 37.17772970217653], [127.08351527966516, 37.177427298065226], [127.08344441126776, 37.17713035263662], [127.0833374017825, 37.17673328962289], [127.08334587375548, 37.176726625026404], [127.0833314681091, 37.17671297508446], [127.08330318230587, 37.176598615559016], [127.0832264159081, 37.17629201479156], [127.08315048466747, 37.17599705492624], [127.08313490955832, 37.1759219452619], [127.08303911912222, 37.17549384206222], [127.08298660227997, 37.175232898536535], [127.08292643562032, 37.17498877379555], [127.0828537616861, 37.17470490334207], [127.08272289392325, 37.1741562906076], [127.08261895975309, 37.173784580140435], [127.08259898158511, 37.173697660643235], [127.0825484887332, 37.173494752001076], [127.08243935090813, 37.17303547196778], [127.08237951386342, 37.17280150145058], [127.08228796644158, 37.17243787357022], [127.082263326937, 37.172339910314946], [127.08225053079885, 37.172303516661565], [127.08220656496304, 37.17220127756611], [127.08214446261196, 37.172059413655276], [127.08211335305228, 37.17199703718519], [127.0820661075479, 37.17190217084288], [127.0820113385244, 37.171794703917044], [127.08195545492191, 37.171687219699514], [127.08189051148194, 37.17156234234414], [127.08182237247884, 37.171428699909754], [127.0817553463865, 37.17129312843455], [127.08168504113284, 37.1711548740108], [127.08168247923801, 37.17114924418776], [127.08156855619036, 37.170895342516715], [127.08152489200555, 37.17079989684923], [127.08149289178914, 37.17073545740138], [127.081349001976, 37.17042207043898], [127.08117826448802, 37.170049187038714], [127.0810940262568, 37.16985039109321], [127.08078115678637, 37.16909377346792], [127.0805884511693, 37.1686277353162], [127.08050208190365, 37.16842302042762], [127.08041988683199, 37.168204156212624], [127.08032912469257, 37.16799682205379], [127.08023285591, 37.16777728225485], [127.08019433803015, 37.16769017634492], [127.08017650673082, 37.167649830173524], [127.08016105095079, 37.16765276884348], [127.08015257799002, 37.16763604197625], [127.08014056041915, 37.16761039706973], [127.07997595768782, 37.167224226211054], [127.07980124651475, 37.166816706898665], [127.07973006624, 37.16664127447315], [127.07967951731074, 37.16652492824474], [127.07966607310343, 37.16649118378898], [127.07966026672754, 37.166472481825565], [127.07963763501148, 37.16641666770586], [127.07961479044702, 37.16636186289728], [127.0795863486287, 37.16629457322177], [127.07958157099807, 37.16624706401483], [127.0795702908994, 37.1662593437435], [127.07952079107626, 37.16613352671522], [127.0793934310623, 37.165816350844025], [127.07938718883412, 37.16580069469995], [127.07936793160243, 37.16575236602888], [127.07927412077997, 37.165563738771375], [127.07919510119027, 37.16540486341676], [127.07901781390699, 37.16511250770376], [127.07894826481443, 37.16507588043731], [127.07894490425002, 37.16507053940691], [127.07892979157364, 37.1650340927993], [127.07887047858739, 37.164899784981344], [127.07886430823656, 37.16488819249576], [127.07881128108242, 37.16484549930585], [127.07877255506067, 37.1647831178369], [127.07873444296301, 37.164693326013065], [127.07865761943238, 37.16463274439303], [127.07861772130383, 37.16460219773196], [127.07847490618515, 37.164503823820056], [127.07840620294907, 37.16436780084949], [127.07842600420405, 37.164331755007076], [127.07846388803408, 37.16414140160261], [127.07836422051444, 37.163924151011315], [127.07829003755407, 37.163790582369636], [127.07825911544917, 37.1637512174968], [127.0781470837378, 37.16360865375471], [127.07796252685351, 37.163177350112555], [127.07795123023931, 37.16315067730148], [127.07793925726064, 37.163022510622824], [127.07781593786132, 37.162961192523], [127.07742884726447, 37.162688927472594], [127.0772136588245, 37.162535958653876], [127.07712404814389, 37.162474356986195], [127.07689543598858, 37.16228238066543], [127.07680353020687, 37.162255885136204], [127.07674752825778, 37.16224163004324], [127.07665662440914, 37.162214971574706], [127.07662715315901, 37.16220674564717], [127.0764950691226, 37.16216009180879], [127.07631738323643, 37.162119035108255], [127.07618095116202, 37.16211545387405], [127.07622808749773, 37.16217028011501], [127.07619908521853, 37.16219237413185], [127.07617197290662, 37.16221302527022], [127.07607577473847, 37.16228633222371], [127.07605259983902, 37.162303980359184], [127.0760329501516, 37.16228860277624], [127.07598574809126, 37.162258519344284], [127.07591220625048, 37.16230218538739], [127.07573626414967, 37.16240953873265], [127.07557662705618, 37.16250878118301], [127.07545643570649, 37.162581507930106], [127.07542551583542, 37.162600233024456], [127.07551214404111, 37.16262948111996], [127.07564855449523, 37.16269070332755], [127.07570883601755, 37.16271775117412], [127.07582989586042, 37.16276167360508], [127.07581737537917, 37.162783549947704], [127.07574254526523, 37.162926530455216], [127.07565901646085, 37.16308553702906], [127.07565348791364, 37.16309641616491], [127.07576936994072, 37.16322142740741], [127.07585482674881, 37.163272283168055], [127.07585575451533, 37.163357413813245], [127.07589731312733, 37.16354470706586], [127.07589181892448, 37.1637170183436], [127.07586026848652, 37.16371302846856], [127.07575488609369, 37.16382596008156], [127.07572272583964, 37.163797083546285], [127.07569354283665, 37.1637617626298], [127.0756063742807, 37.163791641923694], [127.07559372979836, 37.163871275632175], [127.07558029163512, 37.16395675764978], [127.07554721361802, 37.1639334501311], [127.07542543616843, 37.1640446076095], [127.07525878989492, 37.16414131301604], [127.07519814102646, 37.16413117788681], [127.07516618239052, 37.16413595529888], [127.07497748917622, 37.16416083328359], [127.07479911986928, 37.16430216531028], [127.07478700445647, 37.16431269706734], [127.07468349121896, 37.16439333292643], [127.07462956497861, 37.164489760548655], [127.07464066864775, 37.16452751670559], [127.07460497498937, 37.164617319354484], [127.07471625425711, 37.164627108153574], [127.07480983659872, 37.16462704129737], [127.07458326581894, 37.164813662535316], [127.07426698566563, 37.16508416312558], [127.07409552901063, 37.16518178890519], [127.07398432912109, 37.16524411050469], [127.0736405156283, 37.16544190250061], [127.07338618405782, 37.16559032479359], [127.07331758270217, 37.16596992463345], [127.0733334960234, 37.166010354107144], [127.07336857221928, 37.16614610303246], [127.07357833311283, 37.16639052958202], [127.07344522415231, 37.16661055670508], [127.07326860562927, 37.16692176021408], [127.07310498472471, 37.166988744097836], [127.07290156678401, 37.16707202469414], [127.07250828102893, 37.16725785918171], [127.0723887663896, 37.16731891376522], [127.07225296762303, 37.167352324736214], [127.07217669203237, 37.167369697429976], [127.07207763317162, 37.167416908386905], [127.07210442858168, 37.16745181711148], [127.07219721327274, 37.167570772436505], [127.07165812447673, 37.16797190665973], [127.07150615911569, 37.1681063700362], [127.0713256811644, 37.16826135790322], [127.07130109402901, 37.168619764818246], [127.07141933027498, 37.168854499598595], [127.07149199922254, 37.169002300893155], [127.07136130698034, 37.16916829723516], [127.0713400678802, 37.16933537331432], [127.07144050808029, 37.16954989898325], [127.07145044904144, 37.169560894928594], [127.07099636340241, 37.16997511311177], [127.07099789929518, 37.17005391797805], [127.07099932894647, 37.17012736166268], [127.0709996480192, 37.17014381463441], [127.07098723802856, 37.17015394069381], [127.07092320785596, 37.17020622105091], [127.0708672446578, 37.170251900971664], [127.0708234006424, 37.17043753374837], [127.07074487829486, 37.17060007485835], [127.07081159456537, 37.17073915784824], [127.07084816404469, 37.17089743276582], [127.07090176573519, 37.17111310353224], [127.07085481414053, 37.171237683029446], [127.07085115229887, 37.171469137639114], [127.07082280561147, 37.17194338531473], [127.07073151718885, 37.17223387377682], [127.07067273060707, 37.17242032610759], [127.07070837352232, 37.172821407193005], [127.07058754628272, 37.17312159902153], [127.0708593718592, 37.173391124142036], [127.07080925260426, 37.17350105437529], [127.07075213300821, 37.17360253683936], [127.0707667586078, 37.17371225800139], [127.07077213967042, 37.173969945762266], [127.07127675229354, 37.174021784414464], [127.07185563529946, 37.173986436437644], [127.07238655304747, 37.17408720871615], [127.07262588815705, 37.17430492986175], [127.07293598855931, 37.17449202629393], [127.07311174799979, 37.174562958889055], [127.07304117633085, 37.17473778690349], [127.07281026077648, 37.17490298914608], [127.07259610451676, 37.175109620100386], [127.07256090674409, 37.175279912334524], [127.07249526247125, 37.175415757694736], [127.07240368536688, 37.175647958626385], [127.07237225616831, 37.17577889975297], [127.07239021151382, 37.175894151118364], [127.07209899038504, 37.176167036243044], [127.07203543404486, 37.176430846959576], [127.07205010760295, 37.17655322760863], [127.07206341355429, 37.17669430581813], [127.07207319945957, 37.176731197915345], [127.07216948881079, 37.176998012988825], [127.07220160384503, 37.17709464927014], [127.07225806718856, 37.177290962971455], [127.07226692926753, 37.17731510576956], [127.07229122890453, 37.1774108906922], [127.07228308347901, 37.177442810681256], [127.07227389336467, 37.17747747047973], [127.07223891061757, 37.17761462187394], [127.07220968480168, 37.17774275933943], [127.07220681015845, 37.177932701981284], [127.07226099134822, 37.17819274813885], [127.0722605712219, 37.178623719625065], [127.07225225365657, 37.178990469103596], [127.07208699382366, 37.17928558873583], [127.0721048563906, 37.17949432383938], [127.07200339450928, 37.179735603742806], [127.07187566754457, 37.17985136518131], [127.07212662012088, 37.18055501521863], [127.07219566707487, 37.18075407853866], [127.0721181891779, 37.1809823420629], [127.07209425736102, 37.18117394606058], [127.0720274831783, 37.18166338976418], [127.07216785962396, 37.18193484579205], [127.07204305494952, 37.18218146473817], [127.07185498973534, 37.18228942289828], [127.07175461913359, 37.182400653666505], [127.07160164673063, 37.182573177683345], [127.07165733938106, 37.18278577386726], [127.07171533718197, 37.18300647807662], [127.07176826659978, 37.18320172166027], [127.07149108456856, 37.18355187945521], [127.07150914310198, 37.18359533530326], [127.07152452557168, 37.1836310977869], [127.07157367105157, 37.18374099648832], [127.07117615973496, 37.184021690803746]]]}}, {"id": "597", "type": "Feature", "properties": {"EMD_CD": "41597102", "COL_ADM_SE": "41590", "EMD_NM": "\ubc18\uc1a1\ub3d9", "SGG_OID": 9906}, "geometry": {"type": "Polygon", "coordinates": [[[127.08299185867102, 37.18424758871959], [127.08289623228778, 37.18424390608611], [127.08277931908131, 37.184238012391724], [127.08257550113088, 37.184243738504435], [127.08253060238715, 37.1842555368881], [127.08247344216213, 37.18426962328265], [127.08233422654341, 37.184301885705864], [127.0820273150754, 37.18439900226661], [127.08194807648059, 37.184418671878994], [127.08193420886023, 37.184393154631614], [127.08184370166056, 37.184416904554695], [127.08179065901739, 37.1844272755143], [127.08146946407393, 37.18445793908104], [127.0810978439296, 37.184482409423865], [127.0810775967607, 37.18448363943559], [127.08080304444871, 37.184436365343146], [127.08070958719381, 37.18446098137928], [127.08062803242669, 37.184484616263774], [127.08042407953297, 37.18450215149196], [127.08007087030948, 37.184557944764336], [127.07996256074559, 37.1845955991967], [127.07991392148597, 37.184617301571144], [127.07984191390919, 37.18464961568896], [127.07974345391101, 37.18470506809629], [127.07971784396103, 37.18471514969745], [127.07968308133053, 37.18473914949684], [127.07969411209956, 37.184755478199655], [127.07965084951552, 37.18480391999071], [127.07954859146491, 37.184878819332134], [127.0794582989308, 37.18493741077475], [127.07940555319341, 37.18497437937551], [127.07937030189582, 37.1850052634018], [127.07935944391016, 37.18501460538224], [127.07933536739259, 37.18507053115885], [127.07928192326501, 37.18509650739054], [127.07926699396393, 37.18511117722177], [127.07922484604065, 37.18517082714624], [127.0791930068258, 37.185201645807474], [127.07915772703001, 37.18523788200647], [127.07909236694688, 37.18527406581081], [127.07901091272507, 37.18530927796597], [127.07893609245147, 37.18534530568274], [127.07891170248662, 37.18535934190717], [127.0787278722353, 37.185532309668034], [127.07868231257136, 37.18559318704267], [127.07861208287329, 37.18564761994964], [127.07849282062189, 37.18569252457568], [127.07834509986871, 37.18572662596746], [127.07819182630776, 37.18578242797552], [127.07814195910287, 37.18581613235678], [127.0780254036698, 37.18585434899352], [127.0777843572256, 37.1858903570625], [127.07769002503726, 37.1859099974973], [127.07759974277867, 37.18593658232682], [127.07740650297247, 37.18598427252433], [127.0772335056849, 37.18603712147959], [127.07709017872288, 37.186096727130824], [127.07699621939287, 37.186140658995164], [127.07689613506838, 37.186174863377154], [127.07684289855911, 37.186196062824834], [127.07677770156107, 37.18621695448064], [127.07671102835752, 37.18625969742062], [127.07660997708419, 37.18630715657129], [127.07658741857338, 37.18634041048095], [127.07654853375804, 37.186365844631084], [127.07650020568559, 37.186408269475855], [127.0764555352764, 37.1864368519098], [127.07639581794926, 37.186453099498124], [127.07631071174646, 37.18646487587478], [127.07611581096643, 37.18644050830841], [127.07595278263673, 37.18647455327897], [127.07587009023574, 37.18652470340121], [127.07584891511887, 37.18654499924961], [127.07578514447466, 37.1865854782183], [127.07561644865388, 37.186663317146476], [127.07542938897876, 37.186757638424695], [127.07533194016396, 37.186816753778146], [127.07524070372507, 37.18687164828697], [127.07522044042544, 37.18689179928713], [127.0751761636365, 37.18690900978334], [127.07507456960477, 37.186909658585165], [127.07498076233853, 37.186938424137026], [127.07491502969316, 37.186953962881006], [127.07487326085595, 37.1869676846597], [127.07471176662509, 37.18697102831208], [127.07460750637101, 37.1869981240791], [127.07450266039427, 37.187001792903], [127.07438489433262, 37.187037997364484], [127.07431836618186, 37.18706975510568], [127.07424124275803, 37.187092238533666], [127.07414033360074, 37.1870909488639], [127.07398994035995, 37.18707927329054], [127.07391800436555, 37.187073694743205], [127.07369740510079, 37.187099058656216], [127.07348534790985, 37.187106576246784], [127.07333769086681, 37.18709432151355], [127.07322582883069, 37.18706267243333], [127.07320261021705, 37.1870427733545], [127.07325945960702, 37.18701750963664], [127.07330876212373, 37.186990898895], [127.07330354619634, 37.1869535086203], [127.07319773188765, 37.186885904086864], [127.07315532690102, 37.186822586156374], [127.07311378636564, 37.186720522680766], [127.07310129561142, 37.186611863998806], [127.07310087014984, 37.18651905644603], [127.07310645672658, 37.18647201843219], [127.07311506096684, 37.1864005602279], [127.07314249422144, 37.18635197722712], [127.07314742359793, 37.18632458242618], [127.07312500037195, 37.186311891222495], [127.07117615973496, 37.184021690803746], [127.07059560928145, 37.184004640516484], [127.07001002620439, 37.18415086002799], [127.06984831243247, 37.1841541070733], [127.06935940394344, 37.183981206795444], [127.06878057054158, 37.183867734589526], [127.06854792206386, 37.183885256656545], [127.06842791338418, 37.18393019664187], [127.0679435845763, 37.18435197901835], [127.06661657615999, 37.18416304521352], [127.06636851304609, 37.184198322098105], [127.0660651647899, 37.18437725550163], [127.06578541658337, 37.18476530833801], [127.06554365413554, 37.18519659022004], [127.06563347159089, 37.18566860011992], [127.0656495920096, 37.185953862826864], [127.06521028082649, 37.186373537111216], [127.06554122924032, 37.18672638883252], [127.06572809000068, 37.18675512119562], [127.06585789531185, 37.1869669769506], [127.06588078584517, 37.18713338783435], [127.06599702824995, 37.187551950879985], [127.06605334410757, 37.18769050117769], [127.06623221365814, 37.187853943551275], [127.06635509301995, 37.18812815492143], [127.06668052171587, 37.188333414963246], [127.06699313339763, 37.188431636871684], [127.06726017727372, 37.188580071535256], [127.06738418501966, 37.188721466939086], [127.06758062718328, 37.18888273496364], [127.06807416149532, 37.1891619632942], [127.06806355185685, 37.18926405780205], [127.06791133011602, 37.189701871491835], [127.0680165872465, 37.190290826353305], [127.06822527912381, 37.190415864332714], [127.06868835274325, 37.190622753174516], [127.06857592069251, 37.190714363153575], [127.06853157807078, 37.19075052019356], [127.06846270054562, 37.1908066042022], [127.06826946835135, 37.19084518790756], [127.06818085460719, 37.190871278036944], [127.06813626618674, 37.19088436828738], [127.06809370454502, 37.19089691675437], [127.06790777329977, 37.19091342013781], [127.06779008047208, 37.19091510791951], [127.06773331755988, 37.19091586049737], [127.06763300363157, 37.19095709432968], [127.06731037227905, 37.191006290856016], [127.06716005646001, 37.191052778113814], [127.06704196669847, 37.19111672765336], [127.06680031015662, 37.19129373640333], [127.06637065750265, 37.1915783425071], [127.06577063227658, 37.19203847320872], [127.06565280309623, 37.192147383402244], [127.06561998651729, 37.192231108325835], [127.06561290633775, 37.192249313283305], [127.06567863757907, 37.192330912455255], [127.06564995422315, 37.19250762307556], [127.06550045781673, 37.1929959806257], [127.06545402061334, 37.19308926393212], [127.0654269314838, 37.193153973632974], [127.06542244605392, 37.193177403241535], [127.06549521194805, 37.19331945887381], [127.06553799977887, 37.193439274834425], [127.06564964987649, 37.19361248552439], [127.06563320969394, 37.1936169996518], [127.06572343692605, 37.193762379549824], [127.06577986190547, 37.19389191931434], [127.06575935130556, 37.194010868458385], [127.06572199821012, 37.19405846391621], [127.06560611322695, 37.194206027828116], [127.0656233957449, 37.19426512706548], [127.06564775240588, 37.1942986327767], [127.06567196283234, 37.19429240245337], [127.06570012106386, 37.194292927827824], [127.0657614501795, 37.19436110373128], [127.06582378766079, 37.194422881631525], [127.0659622156098, 37.194560125742235], [127.06608941557877, 37.194738103064424], [127.0661862819308, 37.19487365756678], [127.06621965982441, 37.194919142136214], [127.0662264256674, 37.194928419208715], [127.06626602292361, 37.19500264371669], [127.06629682077475, 37.19506029378683], [127.06635529516794, 37.19508161657267], [127.06633058737792, 37.19542853257205], [127.0662175899075, 37.19566115414854], [127.06620688307667, 37.195785324042], [127.06620375986645, 37.195821097246515], [127.06620108326611, 37.195852274875804], [127.06617509684045, 37.19588968244271], [127.06605191437542, 37.196067345640586], [127.06592710217029, 37.196183468200566], [127.06589727744779, 37.196210876189156], [127.06572541889025, 37.196368562278586], [127.06565510531675, 37.196466453880845], [127.06556071625435, 37.196598057548826], [127.06550511077816, 37.196774151826965], [127.06547479327092, 37.19688544727709], [127.0654493091061, 37.196985026522135], [127.06541403153227, 37.197091639195], [127.06532258041368, 37.197235855706374], [127.06521953489244, 37.197388908621065], [127.06515729228482, 37.19744246415374], [127.06512251293012, 37.19747239752961], [127.0651043022061, 37.197515657469296], [127.06507788558244, 37.19757865469571], [127.06506832995565, 37.197600645321714], [127.06498750082987, 37.19778720497931], [127.06496895159182, 37.19782992445026], [127.06489957113497, 37.19796890273253], [127.06480838094573, 37.19815826103932], [127.0647855434927, 37.19819161190251], [127.06477285176524, 37.1982350490472], [127.0647588409288, 37.1983175021404], [127.06460135095763, 37.19856023751271], [127.06453299810477, 37.198717506227275], [127.06453645416693, 37.198810041696746], [127.06452825123067, 37.19883365343579], [127.0645078003364, 37.198892862959454], [127.06450027882508, 37.1989232321702], [127.06446310965188, 37.199074095842725], [127.0644518948671, 37.19911959555444], [127.06431447558163, 37.199118947648586], [127.06430918158301, 37.19911895045497], [127.06403971658287, 37.19907755482217], [127.0640114407528, 37.19907315462348], [127.06392809152572, 37.199076892850776], [127.06380725101788, 37.19910164508451], [127.06365760029328, 37.19915722804458], [127.06359656589068, 37.19917627209227], [127.06348710837041, 37.19920930764529], [127.06329460720748, 37.19920679516567], [127.06319728264327, 37.19920071877807], [127.06304733461243, 37.19916835914825], [127.06287464369267, 37.19914826532048], [127.06273789568411, 37.19914202876038], [127.06259935274593, 37.19914480341621], [127.06254697643945, 37.19914546114411], [127.06238240470356, 37.19913662547558], [127.06225446528481, 37.19915876674293], [127.06219206235076, 37.19915717684258], [127.06210139720942, 37.19916812589045], [127.0620158083192, 37.199188533247025], [127.06177853778352, 37.19926226955159], [127.0616086548819, 37.19937408540868], [127.0614795863102, 37.19939352327703], [127.06144264516777, 37.199399038344254], [127.06139085193908, 37.199425104729016], [127.06133668039001, 37.19943486338159], [127.06124771438503, 37.19945851564913], [127.0611729276251, 37.199465401276896], [127.06098157354802, 37.19949000590936], [127.06079831722388, 37.199499108210375], [127.06072206607764, 37.19950599428639], [127.06051330974903, 37.19945915400848], [127.06047822700545, 37.199537021744675], [127.06038352414357, 37.19957112833766], [127.06032122061514, 37.199552868074555], [127.06026942766347, 37.19957992511766], [127.06021042208086, 37.1996022101748], [127.0601450999664, 37.19961323526954], [127.05985764429734, 37.19956828891483], [127.05973510096054, 37.19954922002554], [127.059583515887, 37.19952560596276], [127.05956403831962, 37.19952260601955], [127.05947977224345, 37.19950669879058], [127.05947113073975, 37.199842792710854], [127.05934883388849, 37.20460550265898], [127.05947892386689, 37.20546737769453], [127.05983561981338, 37.20641474025856], [127.06119278304215, 37.20908962285757], [127.06133731650662, 37.20937436972961], [127.0617963108922, 37.21027905469633], [127.06224885388401, 37.21099208920571], [127.06282084725754, 37.21159729540042], [127.06341328597402, 37.21211986245837], [127.06351362370634, 37.21220838248985], [127.06401781171172, 37.2119891641007], [127.0642701862628, 37.21187955395007], [127.06483987370372, 37.211720306786816], [127.06713856672611, 37.211634898135564], [127.06791669662505, 37.21138757871714], [127.06847950158256, 37.211101901574075], [127.07025755825461, 37.20998989694536], [127.07336137618961, 37.208048739581045], [127.07597216188694, 37.20641569787421], [127.07581656277577, 37.20626955619218], [127.07570514016788, 37.20625647079273], [127.07564243919414, 37.20618676926648], [127.07558075164518, 37.20611652644634], [127.07545906556196, 37.205974958400176], [127.07544530645625, 37.205958567992745], [127.0753452013773, 37.20588339327746], [127.07531621496642, 37.20584664875631], [127.07525688782131, 37.205770457403844], [127.07519891204609, 37.205693724553804], [127.07514194916902, 37.205615909792236], [127.07508588697895, 37.205537463712176], [127.07503117624, 37.205458566243834], [127.07497759165382, 37.20537921752882], [127.07492535851264, 37.20529941742901], [127.07487425134414, 37.205218985877075], [127.07482415741168, 37.2051378328398], [127.07477462577674, 37.20505559817979], [127.07472757317846, 37.204974082800796], [127.07468232337867, 37.20489292670601], [127.07463741013807, 37.20481023861036], [127.07459373576046, 37.20472718931467], [127.07455141280197, 37.20464368864644], [127.07451032869936, 37.20455982678091], [127.07446992030484, 37.20447569417056], [127.07443221481256, 37.20439083904625], [127.0743955237382, 37.20430652391093], [127.07435950662882, 37.204220135947395], [127.07432450401885, 37.20413437807888], [127.07429186721821, 37.20404879895404], [127.07425956678462, 37.20396150762873], [127.07422906935565, 37.20387484591731], [127.07419981083437, 37.2037879131234], [127.07417201650689, 37.20370070910968], [127.07414557363727, 37.20361314384179], [127.0741231951911, 37.203535127142906], [127.07414269439884, 37.20354727928455], [127.07431762432469, 37.203656648759676], [127.07483993408938, 37.20374688153107], [127.07499715946352, 37.203602526949666], [127.07508011264257, 37.2035343565302], [127.07534011435769, 37.203436521598], [127.0756267602978, 37.20340084147076], [127.07578604464256, 37.203520670678444], [127.07594697102896, 37.20359148184014], [127.07641764402386, 37.20329239894044], [127.07659223685583, 37.203058737775116], [127.0769481923199, 37.20271908830024], [127.07707046658064, 37.202662154485076], [127.07734221847284, 37.202605124955106], [127.07750612918893, 37.202619526732306], [127.07757469016335, 37.202580737829535], [127.07787225639109, 37.202431423576186], [127.07811167145117, 37.20247911445979], [127.07826304336275, 37.202569931847286], [127.07862761365897, 37.20262510930585], [127.07892295565723, 37.20261599634361], [127.07941888580785, 37.20246826040386], [127.07964828875868, 37.20198127510194], [127.07977837219858, 37.201854051878904], [127.07958921795091, 37.201499075119344], [127.07953146891161, 37.201315390215164], [127.07949992532554, 37.201092582699935], [127.07948613592484, 37.200718207801295], [127.0794343512936, 37.20041873467675], [127.0794547969262, 37.20014624535127], [127.07949821118622, 37.199973846948666], [127.07959265621062, 37.19980664096119], [127.07957555591763, 37.19971753891562], [127.07956223167685, 37.19957626389241], [127.07981654559929, 37.1990069061249], [127.08004617738202, 37.19864462422358], [127.08008343148161, 37.19839933511939], [127.08026011552039, 37.198248743315276], [127.08045724014764, 37.19815003781023], [127.08093542506174, 37.198082049722345], [127.08114427051598, 37.198098128333385], [127.08135330374859, 37.197650708943414], [127.08141298653402, 37.1974233350596], [127.08145623702535, 37.19720813633463], [127.0815069980746, 37.196959053220816], [127.0815632612403, 37.19669419806798], [127.08170057864403, 37.19649605548636], [127.08190191560864, 37.19644573082406], [127.08210499909086, 37.19634332422174], [127.08234310844497, 37.19634397294335], [127.08263899803597, 37.196343590484034], [127.08270669132322, 37.196343724318595], [127.08269272936701, 37.19610615530797], [127.08262108395513, 37.19606494552106], [127.08259525632384, 37.19588524072419], [127.0825310875395, 37.195462243879454], [127.0825081774996, 37.195303612499494], [127.08248767008477, 37.19515876546219], [127.08245406266468, 37.19492861639398], [127.08244891570929, 37.19489727254199], [127.0824172211995, 37.19467574515066], [127.08236414784564, 37.194304848009175], [127.08235960606191, 37.19428114460251], [127.082331901934, 37.1940833119383], [127.08230303638472, 37.193767821527], [127.08228447146516, 37.19352141624498], [127.08225131042848, 37.19307456527527], [127.08220697059377, 37.19302383958234], [127.08218552485626, 37.19283222880408], [127.08219433959205, 37.192733098764556], [127.0821819684446, 37.19262299940276], [127.08217638664976, 37.19257437376558], [127.08218005828927, 37.19252138977666], [127.08214269560561, 37.192316562458814], [127.08213834548863, 37.19229286791557], [127.08239432059794, 37.191706319855534], [127.08252516184142, 37.19144474694566], [127.08263618464301, 37.19121917522665], [127.0827526771894, 37.19098007494473], [127.08283952822742, 37.19080617655734], [127.08297383068924, 37.19060325883403], [127.08329268152984, 37.18999414828019], [127.0834234228819, 37.189635261388496], [127.08350963885684, 37.1893976679547], [127.08355471984089, 37.18912482698001], [127.0835585355645, 37.18897704374071], [127.08356303388062, 37.18868987717206], [127.08354256259473, 37.18833914103788], [127.08349828071712, 37.18807981449595], [127.08345396307017, 37.18770371232973], [127.08342827294271, 37.18748364048029], [127.08342538382261, 37.18747806499992], [127.08342500980869, 37.18747587571551], [127.08340632976838, 37.18723949907421], [127.08332007308294, 37.186633451657244], [127.08328819333964, 37.186416807987904], [127.08328192065349, 37.186281213803014], [127.08327542862193, 37.18622419103824], [127.08323503036522, 37.185908996725715], [127.08321738890174, 37.18577855534365], [127.08319189913094, 37.185586415682764], [127.08316393684477, 37.18539887305277], [127.08309645224087, 37.18492406784583], [127.08306769814753, 37.18473283142456], [127.08300452945328, 37.18430135449006], [127.0830002619866, 37.184270550628405], [127.08299185867102, 37.18424758871959]]]}}, {"id": "600", "type": "Feature", "properties": {"EMD_CD": "41597108", "COL_ADM_SE": "41590", "EMD_NM": "\uc2e0\ub3d9", "SGG_OID": 10362}, "geometry": {"type": "Polygon", "coordinates": [[[127.12345453482075, 37.16843517232153], [127.12346275410555, 37.16851926778816], [127.12347182052467, 37.168612030473476], [127.12350130926337, 37.16891363530913], [127.12354169644966, 37.169326733712765], [127.12354210849561, 37.169330905145245], [127.12355208021883, 37.169370360821844], [127.1235847775373, 37.16968535188013], [127.12358813988878, 37.16971772310449], [127.12360924058687, 37.16992096898951], [127.12361696037884, 37.169995324600166], [127.12362092905076, 37.17003362409873], [127.1236352249975, 37.170171307654776], [127.12365598192896, 37.17037067935995], [127.12367879750316, 37.170589808932405], [127.1236956435036, 37.1707516829985], [127.12369889132378, 37.17078279286361], [127.12375953950831, 37.171365339404154], [127.12381282103179, 37.17182681955908], [127.1238153789122, 37.17184896469374], [127.12388202702107, 37.172331677707085], [127.1239314035896, 37.17264010066168], [127.1239591460962, 37.172813388670114], [127.1240471864418, 37.17329391688722], [127.124065821542, 37.17338443495599], [127.12414581002291, 37.173772992369535], [127.12414626435653, 37.17377542472974], [127.12423269932484, 37.174097369900316], [127.12438155571728, 37.174652261341805], [127.12452586050124, 37.175107050825254], [127.1247350245017, 37.17583794388034], [127.12479250143997, 37.17600674048571], [127.1249906181963, 37.17658879136206], [127.12526377290949, 37.17726411205268], [127.12563455469623, 37.17820991441142], [127.12576459626916, 37.17854163394569], [127.12611854126048, 37.1794444722677], [127.12615517412391, 37.179534268165526], [127.12618718787917, 37.17962271733973], [127.12623402107006, 37.179752238666346], [127.12660390773337, 37.18068677542538], [127.12664653987468, 37.180794585761944], [127.12691010608644, 37.18144179960822], [127.1269994432439, 37.1816676876378], [127.12701312655682, 37.18170227335288], [127.12710282111291, 37.18193960421272], [127.12810205747, 37.18458536589012], [127.12838043061235, 37.18528992082892], [127.12848147135274, 37.18554563771314], [127.12894300578688, 37.18671370926478], [127.12911741946957, 37.18715510629465], [127.12913592302179, 37.18720195878864], [127.12931515715592, 37.18765554145078], [127.12962446474526, 37.18843833357664], [127.12964939327311, 37.188501397860314], [127.12965881502502, 37.188525247368354], [127.12968269177519, 37.18858568172736], [127.12987651206997, 37.189076163499536], [127.1299228297943, 37.18919337542228], [127.13004519074825, 37.18950304033229], [127.13006156892749, 37.1895444706719], [127.1303474552759, 37.19026795219609], [127.13067449780829, 37.19109553092734], [127.13068502069262, 37.19112408260026], [127.1307167026338, 37.19121009790722], [127.13074770904203, 37.19129620404585], [127.13077804022237, 37.19138258122538], [127.13080803359202, 37.1914689587645], [127.13083746420351, 37.19155551711807], [127.13086621942824, 37.19164225640948], [127.13089441158363, 37.19172899630747], [127.13092204097528, 37.19181591702119], [127.13094910760151, 37.19190301855105], [127.13095062538991, 37.191908044726546], [127.13097549852543, 37.19199012081174], [127.13099989872532, 37.19207222443875], [127.13100143930762, 37.192077403766255], [127.1310266030801, 37.19216472360498], [127.13105151931424, 37.19225215183309], [127.13107565884255, 37.19233979715488], [127.13109934791451, 37.1924274429631], [127.13111213609365, 37.19247641881225], [127.13112224879784, 37.192515179732034], [127.1311401407234, 37.192584883047644], [127.13114481215743, 37.19260309707354], [127.13116352494035, 37.19267858419752], [127.13109941581396, 37.19267148201415], [127.13110149923405, 37.19267794924093], [127.13102137995479, 37.19270052693842], [127.13094963600396, 37.192727240240494], [127.13095703938679, 37.19290753132068], [127.1310055849036, 37.19307382024325], [127.13101207631577, 37.19311571175351], [127.13102124018855, 37.19316603412554], [127.13102969903106, 37.19321241068893], [127.13102760701774, 37.193247076186864], [127.13102488536582, 37.19326919081253], [127.13101566634829, 37.19334486165906], [127.13101047497013, 37.193398119106824], [127.13116555474589, 37.19346390601047], [127.13119182381853, 37.193472707503666], [127.1312217908764, 37.19347709883141], [127.13125006106178, 37.19347714897179], [127.13127358126654, 37.19347895233561], [127.13127609331151, 37.19349234812661], [127.13127806024754, 37.19350312247305], [127.13126328483565, 37.193635718446394], [127.13117988221316, 37.193701568033724], [127.1313398461399, 37.19362642589321], [127.13133555328254, 37.19366493225821], [127.13132329689842, 37.19377547689975], [127.13134913228426, 37.193938745003884], [127.13136241822194, 37.194028213235946], [127.13137510735704, 37.19411774519243], [127.13138719967206, 37.19420733186313], [127.13139844402755, 37.19429501825569], [127.13140960505015, 37.194386642304174], [127.13141990686142, 37.19447637509769], [127.13142962307647, 37.194566144572846], [127.13144724239379, 37.19474579363048], [127.13145521296272, 37.194835610066114], [127.1314624855116, 37.19492558945355], [127.13146920611965, 37.19501553340277], [127.13147532984027, 37.1951055050363], [127.13148085667132, 37.19519550435434], [127.13148578659522, 37.195285522346424], [127.13149011960984, 37.195375559012675], [127.13149385571307, 37.19546561435318], [127.13149698362409, 37.19555567936991], [127.13149951461942, 37.19564576306097], [127.13150050625417, 37.19569202161704], [127.1316051067646, 37.195690906645524], [127.13204109555043, 37.19582659299962], [127.13227017962177, 37.19589789235711], [127.13227020214842, 37.19589789233227], [127.13248951289454, 37.195873033535904], [127.13254599416304, 37.1958835223158], [127.13281379871778, 37.195933242818256], [127.13335407255643, 37.19622089606041], [127.13376848342402, 37.19649669448767], [127.13398666370814, 37.19646877063144], [127.13402376756444, 37.19645064516938], [127.13459195889192, 37.19617264869878], [127.1351992625437, 37.19566405502602], [127.13524095970666, 37.19564511305729], [127.13583149257371, 37.19537669954162], [127.1360944832956, 37.19531585988335], [127.13637939510492, 37.195332817936176], [127.13683411250719, 37.195425773828894], [127.13716313601516, 37.195577241641544], [127.13752626577943, 37.19540199557979], [127.1376214559206, 37.19534787763078], [127.13770740227869, 37.19537721599688], [127.13814962176345, 37.195527775991195], [127.1384843826925, 37.196116411426985], [127.13878477067179, 37.19620000508602], [127.13918957760197, 37.19631821195762], [127.13997421017741, 37.19609054964844], [127.14040061248265, 37.196197653303365], [127.14055128691273, 37.19624899830754], [127.14098570527004, 37.19618795550495], [127.14175445709309, 37.19613476037968], [127.14235415225858, 37.19608568991546], [127.14260732354913, 37.196172808033765], [127.14267395517196, 37.19619562420704], [127.14302715036386, 37.19626082593542], [127.14358748631301, 37.1961970191037], [127.14403526850121, 37.19632609655098], [127.1447097651067, 37.1968501507167], [127.1450270907789, 37.19683200715757], [127.14564080239992, 37.19662365246174], [127.14581488173751, 37.196565872820706], [127.14578701821527, 37.196697270045874], [127.14612323572919, 37.19685243448661], [127.14768085042655, 37.1969333470174], [127.14786987199706, 37.19700791837496], [127.14818412384751, 37.19713596462764], [127.14862536805737, 37.19709298735646], [127.14898215159057, 37.19724943365248], [127.14914836813693, 37.19732483327834], [127.14928178697886, 37.19742410620731], [127.14947530484295, 37.197567590273565], [127.14984717058641, 37.19780271232652], [127.15024489266212, 37.19802834878824], [127.15037921352275, 37.1982242473257], [127.15112903878723, 37.19832197611886], [127.15223509467668, 37.19840953423894], [127.15239836379288, 37.19829711036136], [127.15271809074686, 37.19795036833583], [127.15272947549904, 37.19792637701588], [127.15280285064303, 37.19777021345054], [127.15287911205327, 37.19729966275173], [127.15312537411675, 37.197060967548545], [127.15346682854802, 37.19718505443238], [127.15385634203729, 37.197273694526054], [127.15422360116614, 37.19720651738577], [127.15479660007084, 37.197156454241615], [127.15550316988654, 37.19740464068937], [127.1555142618883, 37.197004103027616], [127.15561735981116, 37.19682272387934], [127.15566854798618, 37.19647712474906], [127.15664599514825, 37.19532436797606], [127.15688379450998, 37.195087126660724], [127.15763488670513, 37.194416302623196], [127.15800614165069, 37.194203400518994], [127.15849601390181, 37.19374959896756], [127.15912742259789, 37.19309565626732], [127.15965909507281, 37.19297431587453], [127.1601809347404, 37.19246609554546], [127.16048438399481, 37.192092881368026], [127.16094376082025, 37.191922354021834], [127.16130651267257, 37.19115856291623], [127.16132246847931, 37.19112490537625], [127.1613386727668, 37.19095799191308], [127.16135980118733, 37.19054111281501], [127.16114537691692, 37.18976155611554], [127.16063096971743, 37.189613350300135], [127.16039394804787, 37.189111371529386], [127.16044319564297, 37.18871243962034], [127.16043736921743, 37.188339774947394], [127.16045096720904, 37.18808933808214], [127.1603403889554, 37.187903564583706], [127.1602244000663, 37.187446141920745], [127.16047775577356, 37.18702882528203], [127.16044995646612, 37.18687076506039], [127.16028011158822, 37.18659513755415], [127.16024026621582, 37.18643881440967], [127.16025766133689, 37.18609763706284], [127.16011176679612, 37.18578680034701], [127.15972950811249, 37.185426045966516], [127.15921895883588, 37.18451796742622], [127.15894308709412, 37.184281629420035], [127.15872663710005, 37.183981976498], [127.1584850514268, 37.18373049937636], [127.15866317542311, 37.18342078985378], [127.15943964879354, 37.18279565663022], [127.15973137253486, 37.18237319020058], [127.15986996519386, 37.18203844644024], [127.16017371791615, 37.1813125623332], [127.16050432019452, 37.18052109918967], [127.16062312392586, 37.179844361591975], [127.15979816419389, 37.179604805810904], [127.15978965336677, 37.17958977870438], [127.15939183853125, 37.178891619471564], [127.15901435812401, 37.17790669150816], [127.15816140182403, 37.177533211735536], [127.15779945027411, 37.17700767621055], [127.15693865616144, 37.1766975505527], [127.15636608270528, 37.17651001729056], [127.15544729152502, 37.17677408602899], [127.1554362316913, 37.176767540769916], [127.15449087980453, 37.17620964693999], [127.15383864680851, 37.175953823746354], [127.15377094600584, 37.175559341967485], [127.15322342167507, 37.17440931604302], [127.15299086194115, 37.173623395133355], [127.15294214147693, 37.17352269319994], [127.15286760301728, 37.17341123867822], [127.1526726129839, 37.173337502512176], [127.15237055199273, 37.173071123136516], [127.15209656446906, 37.172782235164746], [127.15187161208912, 37.172258498196484], [127.15187834941307, 37.17197636242157], [127.15187356052941, 37.17159955008725], [127.1509338534791, 37.171495027708424], [127.15090755983192, 37.1714824732136], [127.15079816945693, 37.1713554371], [127.15064676144938, 37.17119561956371], [127.15036403390565, 37.17097325387919], [127.15012692361984, 37.170781123561284], [127.14931416954785, 37.17049145277917], [127.14885848376895, 37.17040468161267], [127.14883467715235, 37.16988645508065], [127.14847237555406, 37.16969771174413], [127.14750246493574, 37.16966333718021], [127.14709193682282, 37.16994650118612], [127.14697406660778, 37.17001394525259], [127.14683043216519, 37.17005081217546], [127.14652925097518, 37.16985605002337], [127.14554303630045, 37.16965599453875], [127.14494610994062, 37.16978355917002], [127.14471824060185, 37.16996245865064], [127.14455161055749, 37.17016516157532], [127.14412082737648, 37.17010858131262], [127.14369855870692, 37.170215160170564], [127.14327993642284, 37.169929677872126], [127.14264275365893, 37.16978602734885], [127.14203757591109, 37.169589407841606], [127.14184038015998, 37.16954791394813], [127.14156127720483, 37.169496884341], [127.14123176453273, 37.16936544085188], [127.14105783564231, 37.16922810068711], [127.14083705622365, 37.16917611764892], [127.14065628360716, 37.1691313406743], [127.14021953911062, 37.16910413641569], [127.13989065366002, 37.16942563669813], [127.13932602224929, 37.16945984072384], [127.1389509923303, 37.16932245183912], [127.13856350253909, 37.16939242553529], [127.13821140600369, 37.169321739460415], [127.1375089409321, 37.169389585730876], [127.13737868561618, 37.16933567221028], [127.13688102994564, 37.16915188713215], [127.1365173038665, 37.16918807370173], [127.13588780079304, 37.16900236216511], [127.1356493413639, 37.16907381518469], [127.1349872145225, 37.16928657961184], [127.13494850397905, 37.16929896757606], [127.1347942979978, 37.16932617257849], [127.13472708882925, 37.169331564338044], [127.13447570173618, 37.16935175984446], [127.13407880009817, 37.16934742894951], [127.13379813177373, 37.1693638713657], [127.13364991432266, 37.169338807358606], [127.13353915162331, 37.16935596063624], [127.13305532049228, 37.16908780590345], [127.13303559758688, 37.16907683499769], [127.1330238536749, 37.169057115059445], [127.13284374359294, 37.16875474255886], [127.13281531014918, 37.16872008368026], [127.13242029258114, 37.16823945062022], [127.13238694695517, 37.16822885507198], [127.13215253171155, 37.16809927254954], [127.13184128694868, 37.16814160414388], [127.1307738948134, 37.16826360390721], [127.13051532750814, 37.16842994900554], [127.13032326750698, 37.16870894249678], [127.13015350650987, 37.168859151559964], [127.12987519122504, 37.168868283634865], [127.1298026577834, 37.16885448602541], [127.12908958355939, 37.168641256694], [127.12862660853261, 37.16878015534047], [127.12796329903188, 37.16896918422871], [127.12773826603352, 37.16906178166017], [127.12790061051007, 37.169998969813555], [127.12776106834973, 37.17038287524919], [127.12759270273676, 37.17083610181357], [127.12695270932586, 37.17097464145864], [127.12638420291444, 37.171038946030485], [127.12645280186122, 37.17057699614352], [127.12657886018947, 37.17000064245459], [127.12643265841868, 37.1698997890858], [127.12634765323152, 37.169833741675895], [127.1262480551891, 37.16979465092723], [127.12623853134984, 37.16975456427579], [127.12614665203799, 37.16975330937081], [127.12608770056806, 37.16957685587566], [127.12604695735858, 37.169517970099385], [127.1259137258141, 37.169360786890145], [127.12586476262224, 37.16930136904825], [127.12577827351215, 37.16915350753147], [127.12570634815236, 37.16896057823451], [127.12561839367321, 37.16881127644917], [127.1251465318193, 37.16854496904592], [127.12495519082682, 37.168516875573], [127.12476434152968, 37.16844481008303], [127.1246796185671, 37.16841200987695], [127.12449232021113, 37.16823803159916], [127.1243532443058, 37.16815347722483], [127.12425036319478, 37.168101322973875], [127.12411469721106, 37.16824545106344], [127.12408926775318, 37.168395051525934], [127.12387993656274, 37.16838175212836], [127.12380505517943, 37.16837723407634], [127.1237203776826, 37.16837236565997], [127.12368902130979, 37.168379777584434], [127.12345453482075, 37.16843517232153]]]}}, {"id": "601", "type": "Feature", "properties": {"EMD_CD": "41597107", "COL_ADM_SE": "41590", "EMD_NM": "\uc911\ub3d9", "SGG_OID": 10361}, "geometry": {"type": "Polygon", "coordinates": [[[127.11783524465811, 37.220017298579066], [127.11794156955051, 37.22000921088777], [127.11803628065547, 37.21999538588356], [127.11809550908025, 37.21998687583498], [127.11813931435275, 37.219979200891444], [127.11825842032135, 37.219952079349135], [127.11842781015068, 37.21990285057366], [127.11844581809291, 37.21989775993483], [127.11850445925917, 37.2198811408899], [127.11859919879137, 37.2198129826176], [127.11868954692265, 37.21971753607205], [127.11874764074062, 37.21960945274375], [127.11880429633074, 37.21951129127442], [127.11886977085784, 37.2194840149723], [127.11907980679784, 37.21939640567322], [127.11913595004002, 37.219375004264364], [127.1192302494912, 37.21934343720909], [127.11928284728015, 37.21933889773789], [127.11939538326959, 37.21933349667946], [127.11939434398253, 37.2193244963106], [127.1194549238723, 37.21931606533052], [127.11956616139094, 37.219294446658196], [127.11962113934537, 37.219262873423496], [127.11962613430468, 37.2192725095854], [127.11963392947378, 37.219278791080725], [127.11962461213369, 37.21931513035982], [127.11951332212033, 37.21932475627873], [127.1194467567602, 37.21933140017604], [127.11943652127117, 37.219335293854975], [127.1194631128623, 37.21933649279427], [127.11960145092095, 37.219331759645364], [127.11972337533288, 37.21933562063058], [127.11994481145595, 37.21934862671787], [127.12006355923364, 37.2193456516252], [127.12027532051513, 37.21933200496379], [127.12040402977816, 37.219373152546765], [127.1205479706869, 37.2194206640559], [127.12061801774213, 37.219442849361684], [127.12064812256975, 37.21944989226033], [127.12076326835302, 37.21944899248408], [127.12097717086502, 37.21937127837329], [127.12110768848282, 37.219322949962], [127.1212023204779, 37.21928848865868], [127.1213696853057, 37.21924332141584], [127.12145712817077, 37.21921554389955], [127.12155817850206, 37.21917890430219], [127.1216082542521, 37.219161400369245], [127.12171085310631, 37.21912088459347], [127.12182144779872, 37.21907818008729], [127.12192622067352, 37.219044599935], [127.12210092276312, 37.21900166779169], [127.12227582348285, 37.2189491751388], [127.12257617771651, 37.21885332210403], [127.12267238378007, 37.2188175965576], [127.12271423764705, 37.21880218197186], [127.12272685563977, 37.2188017005184], [127.12274172683495, 37.21880112665335], [127.12293913822927, 37.21880525845253], [127.12312804107236, 37.21879399986134], [127.12324461725028, 37.218786428498575], [127.12334469178242, 37.21876042967752], [127.12341133105862, 37.218744232474684], [127.12345488390457, 37.218762505817224], [127.12359208759148, 37.21875380459389], [127.12366393239127, 37.21874481021506], [127.1237617794769, 37.21872800396111], [127.12380562122453, 37.21870185553472], [127.12387688800995, 37.21865591892512], [127.12395878356465, 37.21859175222761], [127.12409801102187, 37.21849014194309], [127.12412891428616, 37.21846844892012], [127.12420187618788, 37.21842592530587], [127.12438605347988, 37.2183568317517], [127.12451295686166, 37.218305439791045], [127.12465021396301, 37.21825393781649], [127.12474947237517, 37.21823257000881], [127.12478112253889, 37.218226932597126], [127.12495039552262, 37.218207771372185], [127.12503867538418, 37.21820426439434], [127.12508566298766, 37.21820080043632], [127.12520396933408, 37.21819090966369], [127.12522301037161, 37.21819114207008], [127.12524948177146, 37.21818792473312], [127.12538938713617, 37.2181510069968], [127.12563613330018, 37.21809302796978], [127.12576850110722, 37.21805622580872], [127.12589431838991, 37.21798924548783], [127.125935263449, 37.217969956238484], [127.12597307666492, 37.217957707399925], [127.12606454011723, 37.217951448135864], [127.126223836543, 37.217949992036374], [127.1264518258499, 37.2179350377677], [127.12659407996782, 37.217895142693266], [127.12672295342395, 37.21785780253005], [127.12691699107526, 37.21780580539192], [127.1269483062869, 37.21780221311992], [127.12708181487139, 37.21780181036013], [127.12729138970317, 37.21777752118441], [127.12737967525595, 37.21776424516588], [127.12748448584793, 37.21774237359286], [127.12763017756177, 37.21771733179255], [127.12782672937506, 37.217673710173095], [127.12800867248019, 37.21763939356762], [127.12811055205675, 37.21761671363317], [127.12833656571225, 37.2175261604624], [127.12862997180885, 37.217413368932355], [127.12888890681936, 37.21733057338047], [127.12899390021742, 37.21729743725471], [127.12917048840107, 37.21724862686748], [127.1292995439397, 37.21723380974242], [127.12947424430956, 37.21722149312342], [127.12964468652207, 37.2172162179879], [127.12971996116511, 37.21721801971379], [127.12985535715652, 37.217241669596326], [127.12997491150972, 37.217244801767905], [127.13015317923906, 37.21722346986284], [127.13029872771983, 37.217221320401976], [127.13034140197858, 37.217212750143055], [127.13060218298405, 37.21708416691371], [127.13080182116632, 37.217022326941056], [127.13112280811062, 37.21693289016405], [127.1311753805124, 37.21692149752355], [127.13122468811171, 37.216911559111935], [127.13134115754207, 37.216903033804655], [127.13147151167624, 37.216903665753776], [127.13160567701527, 37.21689956290519], [127.13168956934341, 37.2168877301654], [127.13173448047695, 37.21687636371703], [127.13179172821636, 37.21685180144473], [127.13198025044046, 37.21674088296164], [127.13212340406406, 37.21667025473177], [127.13228756814489, 37.216612010477476], [127.13240360709815, 37.21658289579884], [127.13247531050322, 37.21656559763732], [127.13259285066283, 37.216544680592584], [127.13267980717792, 37.21653951146867], [127.13277171293245, 37.21652974148414], [127.13281360646062, 37.21652612692843], [127.13289004269468, 37.21650945399866], [127.13292021136355, 37.21650135621106], [127.13309327034615, 37.21641452893942], [127.1331816576136, 37.21637052296106], [127.13324564144337, 37.21633927577778], [127.13334531068872, 37.216297861139914], [127.13357568241777, 37.21617322472293], [127.13365738642617, 37.21612175620337], [127.13381011145866, 37.21590144320742], [127.13383609434096, 37.215890115121084], [127.13387462151724, 37.21588803572157], [127.13390718402582, 37.215889666258036], [127.13393987835525, 37.2158958108574], [127.13403544074937, 37.21587088929201], [127.13419828065898, 37.21582390688793], [127.1344218126456, 37.215796598001084], [127.13452665507708, 37.21578273942958], [127.13471901079564, 37.21573496628633], [127.13485744119835, 37.21575498485799], [127.13488404875869, 37.215759433079796], [127.13496562101271, 37.21576184610161], [127.13505730812362, 37.21575657078822], [127.13526872514997, 37.215714695105426], [127.13535321975317, 37.21571323008079], [127.13546346895353, 37.21573080191822], [127.13552367204099, 37.21574128502191], [127.13565381867284, 37.215746733178555], [127.13575938515326, 37.21571566279844], [127.13579201827453, 37.21570630002729], [127.13596201709115, 37.21564380015395], [127.13610487107228, 37.2155853315082], [127.13619023252613, 37.21554556161543], [127.13633453814289, 37.21554331604933], [127.13645699309649, 37.21553805869146], [127.1365470183582, 37.215542434275854], [127.13674045255343, 37.21553817693859], [127.13689905514512, 37.21556121561546], [127.13706851011877, 37.21559215280774], [127.13721612376028, 37.21560007514352], [127.13738384354919, 37.215618228089554], [127.13749065756605, 37.21568013323504], [127.13760088906116, 37.21575032394118], [127.13772923038684, 37.21584191148129], [127.13786691144577, 37.215933298911025], [127.13795905086809, 37.21598524598997], [127.1380270907721, 37.21601165822055], [127.13811591117228, 37.216053517334764], [127.13826304635963, 37.216139108709314], [127.13834417432732, 37.216200907573416], [127.13838235391621, 37.2162558630466], [127.13842617800536, 37.216310811982844], [127.13849480047715, 37.2163725441019], [127.13860165333236, 37.21638633256794], [127.13875769850299, 37.216414327439736], [127.13895501550248, 37.21651223109549], [127.1390424829237, 37.21655292873668], [127.13914255069986, 37.216645664846034], [127.13926097167221, 37.21676314014995], [127.13935672244901, 37.21689166145488], [127.13944071962976, 37.21695047377217], [127.13956025390327, 37.216979726497634], [127.13961409527998, 37.21700382967049], [127.13973884001544, 37.217097680817346], [127.13984002481452, 37.2171595994047], [127.1400557549248, 37.21723917054432], [127.14015320611811, 37.21726766459014], [127.14023220657512, 37.21727360006547], [127.14035464567482, 37.21726446421801], [127.14042534433432, 37.217252847996654], [127.14051708080653, 37.217230718923794], [127.14056991756449, 37.2172289719595], [127.14067982487217, 37.217242565743014], [127.14088513472518, 37.21727935715281], [127.14104818961732, 37.21728859909013], [127.14115132922245, 37.21732843873558], [127.14119626271446, 37.217354272677355], [127.14132277283224, 37.217493712763556], [127.14146514199027, 37.21756958352272], [127.14151363085384, 37.217580455854446], [127.14158616384637, 37.21760419363807], [127.14194132703109, 37.217814643826706], [127.14210041870821, 37.21790354106962], [127.14217543822502, 37.21795552318611], [127.14226620974779, 37.218062702351254], [127.14235098073934, 37.21812979224044], [127.1424811882101, 37.21820785674809], [127.1426085134514, 37.21826872366609], [127.1427488234565, 37.218308283358695], [127.14280784928195, 37.21833228878675], [127.1428871175606, 37.21837839960085], [127.14295409806635, 37.21842066857835], [127.14305548456633, 37.218503767640684], [127.14310043269118, 37.21853068208587], [127.14326943464029, 37.21861567340067], [127.1433203130042, 37.2186325791067], [127.14351182476474, 37.21865660570432], [127.14357653709918, 37.21866661977029], [127.1437447904117, 37.21870647814716], [127.14388027586325, 37.21875001588028], [127.14398502643408, 37.21876993809839], [127.14414906760193, 37.218768533278826], [127.1442044047753, 37.218771818502354], [127.14428266914376, 37.21879270043356], [127.14445190689496, 37.218852370514], [127.14465202885306, 37.21891295813765], [127.14475731128319, 37.21892792330269], [127.144950147239, 37.218942575142925], [127.14505796835043, 37.21894157952706], [127.14526535067158, 37.21893293933128], [127.1453696052115, 37.21894051666177], [127.14553012774536, 37.218990482559796], [127.14563433563994, 37.21904455343763], [127.14574947269257, 37.219128327252086], [127.14579671433421, 37.219163797768054], [127.14586949665268, 37.21919271360281], [127.14591764333888, 37.21920052100445], [127.1459595637433, 37.21920465072133], [127.14600363078046, 37.21920598457731], [127.14608888399157, 37.2191986451895], [127.14620628018976, 37.219167082535904], [127.14628233680591, 37.21914058008747], [127.1463825776079, 37.21910527187327], [127.14649820109156, 37.219083622550755], [127.14671299758007, 37.21903992024469], [127.14671280188563, 37.2189907236378], [127.14682407090125, 37.218978098756786], [127.14686866033475, 37.21902861948659], [127.14696946299301, 37.21904557047245], [127.14745358241886, 37.21915508220528], [127.14774187071578, 37.21923336051256], [127.14783069027082, 37.219240882646666], [127.14844592636376, 37.21945601951114], [127.14853211468424, 37.21945444386798], [127.14870675111582, 37.21942560991506], [127.14871879147172, 37.21942360365135], [127.14866737522027, 37.2195250977314], [127.14874336313777, 37.21953887032514], [127.14892801226003, 37.21958921609752], [127.14903748591831, 37.21960902884989], [127.14926002318099, 37.21958287357762], [127.14945161121678, 37.219568767423056], [127.14967293737652, 37.219804905927745], [127.14987271641598, 37.21983656172867], [127.15040956243335, 37.219578920212754], [127.15045038888098, 37.21955935233587], [127.15046947766417, 37.21957219519788], [127.15074141787225, 37.2197568366221], [127.15080606732096, 37.21980830370999], [127.15096239286186, 37.2198754774066], [127.15119827439104, 37.21997686202565], [127.15122730103008, 37.2199384950582], [127.15122133001758, 37.2199102189294], [127.15115309779932, 37.21958520956048], [127.15130011270621, 37.219245763768086], [127.15138732812574, 37.21882952563644], [127.15174246353062, 37.218498015210635], [127.15224853558298, 37.218183683798195], [127.15213833507373, 37.2177353397113], [127.15174964629601, 37.217319245897], [127.15160988879776, 37.21716761562555], [127.15159952746862, 37.21705581852869], [127.15155853418342, 37.21661485573456], [127.15151226296267, 37.216119765000876], [127.15144201573487, 37.21580016438811], [127.15167811725834, 37.21520576351052], [127.15158520063432, 37.21457229575319], [127.15164619953812, 37.21391482734959], [127.15198811408735, 37.213660570001515], [127.15206090955432, 37.21352747470784], [127.15256762403926, 37.21315709607071], [127.15267427271024, 37.21309212104282], [127.15272389273828, 37.21304946545721], [127.15276396890313, 37.21284797733988], [127.1527824564681, 37.212712680291176], [127.15297039289318, 37.212577220764004], [127.15323224371785, 37.21239118991162], [127.15340133678421, 37.21216874019044], [127.15344035824357, 37.211734513974974], [127.15362514461926, 37.211546887085674], [127.1538140448031, 37.211349424243046], [127.1539982273694, 37.21106980112066], [127.15420071957494, 37.21077562028822], [127.15412255207055, 37.21058750228139], [127.15416190064484, 37.210206256589125], [127.15435984277885, 37.209601320764826], [127.15482907234507, 37.2094139372913], [127.15521948085816, 37.20945661833175], [127.15576112440822, 37.20915470477835], [127.15594764312165, 37.20892751616978], [127.15679156548656, 37.208248882957385], [127.15689943038147, 37.207881152133005], [127.15755760447855, 37.20693908468915], [127.15714411444871, 37.206347823639376], [127.15658553533736, 37.2062497297605], [127.1562742688946, 37.206108637015205], [127.15582479082563, 37.205749572027244], [127.155768230234, 37.20508537867071], [127.15561700634561, 37.204827354523786], [127.15538584683436, 37.20438482827816], [127.15552968066336, 37.20399484101472], [127.15550811139066, 37.20365222928835], [127.1554529468429, 37.20327392581382], [127.1549077685894, 37.2026718348705], [127.15444803906277, 37.20191930995436], [127.15342598988353, 37.20154848487934], [127.15329187933862, 37.201256358173154], [127.15303671113229, 37.20096814354878], [127.1527066090682, 37.200591550514424], [127.15270679474811, 37.2005829903603], [127.15271855114278, 37.20020298710662], [127.1527103360914, 37.20017858831024], [127.15260851165809, 37.19987439061057], [127.1522263060959, 37.19953559832793], [127.1520826995159, 37.19909157519514], [127.15205301855563, 37.19868843168754], [127.1522310501988, 37.19842612760888], [127.15223509467668, 37.19840953423894], [127.15112903878723, 37.19832197611886], [127.15037921352275, 37.1982242473257], [127.15024489266212, 37.19802834878824], [127.14984717058641, 37.19780271232652], [127.14947530484295, 37.197567590273565], [127.14928178697886, 37.19742410620731], [127.14914836813693, 37.19732483327834], [127.14898215159057, 37.19724943365248], [127.14862536805737, 37.19709298735646], [127.14818412384751, 37.19713596462764], [127.14786987199706, 37.19700791837496], [127.14768085042655, 37.1969333470174], [127.14612323572919, 37.19685243448661], [127.14578701821527, 37.196697270045874], [127.14581488173751, 37.196565872820706], [127.14564080239992, 37.19662365246174], [127.1450270907789, 37.19683200715757], [127.1447097651067, 37.1968501507167], [127.14403526850121, 37.19632609655098], [127.14358748631301, 37.1961970191037], [127.14302715036386, 37.19626082593542], [127.14267395517196, 37.19619562420704], [127.14260732354913, 37.196172808033765], [127.14235415225858, 37.19608568991546], [127.14175445709309, 37.19613476037968], [127.14098570527004, 37.19618795550495], [127.14055128691273, 37.19624899830754], [127.14040061248265, 37.196197653303365], [127.13997421017741, 37.19609054964844], [127.13918957760197, 37.19631821195762], [127.13878477067179, 37.19620000508602], [127.1384843826925, 37.196116411426985], [127.13814962176345, 37.195527775991195], [127.13770740227869, 37.19537721599688], [127.1376214559206, 37.19534787763078], [127.13752626577943, 37.19540199557979], [127.13716313601516, 37.195577241641544], [127.13683411250719, 37.195425773828894], [127.13637939510492, 37.195332817936176], [127.1360944832956, 37.19531585988335], [127.13583149257371, 37.19537669954162], [127.13524095970666, 37.19564511305729], [127.1351992625437, 37.19566405502602], [127.13459195889192, 37.19617264869878], [127.13402376756444, 37.19645064516938], [127.13398666370814, 37.19646877063144], [127.13376848342402, 37.19649669448767], [127.13335407255643, 37.19622089606041], [127.13281379871778, 37.195933242818256], [127.13254599416304, 37.1958835223158], [127.13248951289454, 37.195873033535904], [127.13227020214842, 37.19589789233227], [127.13227019088508, 37.195897892344696], [127.1322701232741, 37.19589787439841], [127.13204109555043, 37.19582659299962], [127.1316051067646, 37.195690906645524], [127.13150051751745, 37.195692021604685], [127.1315014715171, 37.19573603659994], [127.1315027973651, 37.1958261306209], [127.13150352596662, 37.195916054097246], [127.13150366949434, 37.196006338632046], [127.13150321575587, 37.19609644361188], [127.13150215377928, 37.19618654024722], [127.13150049453222, 37.19627645732754], [127.13149823892405, 37.19636672646823], [127.13149538601027, 37.19645679803298], [127.13149192484975, 37.196546861253175], [127.1314878779518, 37.196636907093584], [127.1314832115239, 37.196726935591236], [127.13147795935429, 37.19681694670904], [127.13147212140998, 37.196906922426], [127.13146566392936, 37.196996880799986], [127.13145862068521, 37.19708681278341], [127.1314509913512, 37.197176529157154], [127.13144209799145, 37.197271364848824], [127.1314432823453, 37.197272345688575], [127.13143464749332, 37.197360297113754], [127.13142511447062, 37.1974499615067], [127.1314151310373, 37.19753971649581], [127.13140447176563, 37.19762947222372], [127.13139324913483, 37.19771913846246], [127.13138146329725, 37.1978088053162], [127.13136900130606, 37.197898292699655], [127.13135608889459, 37.19798787067855], [127.13134238768882, 37.198077269310225], [127.13132823575023, 37.198166578328404], [127.13131385418552, 37.1982533646706], [127.13128544396406, 37.198238348351374], [127.13123147601081, 37.19822966732357], [127.13116039329853, 37.19822451907514], [127.13110904173581, 37.19823088257124], [127.13109366995072, 37.19826567970266], [127.13108418745222, 37.19831930222057], [127.13109364442536, 37.19838254519903], [127.13107043505353, 37.198510789208754], [127.13109228392656, 37.19864096623439], [127.13102217035079, 37.198807736118084], [127.13098991155184, 37.198979600543176], [127.13098053106741, 37.19915900872729], [127.13087941646639, 37.1993113055735], [127.13086780149736, 37.199323374229266], [127.13092666060467, 37.199550913739564], [127.13091016848749, 37.19961586100513], [127.13089190859617, 37.199687811312224], [127.13082313417745, 37.199854669691504], [127.13078987476375, 37.20002815700402], [127.13074093038244, 37.200198507757925], [127.13067961316096, 37.200366078740714], [127.13060384921764, 37.200530151357945], [127.13053072213424, 37.20057591395694], [127.13049286433005, 37.200635874614456], [127.13041470251962, 37.200847524842764], [127.13046234401264, 37.200976682717744], [127.13035427520192, 37.20124780731872], [127.13043000722892, 37.201262934554535], [127.13045145018233, 37.20126721820882], [127.13050632517393, 37.20127815120831], [127.13047098803072, 37.2013633383398], [127.13043531242407, 37.20144825551471], [127.13039896073474, 37.20153308330889], [127.13039708694221, 37.20153739233773], [127.13038934495407, 37.20155521439983], [127.13036215824405, 37.201617821476646], [127.1303246793607, 37.20170229005407], [127.13030799229486, 37.20173926000989], [127.1302866368778, 37.20178657902233], [127.13024814374195, 37.20187086846696], [127.13020897436124, 37.2019549784238], [127.13016935386544, 37.20203881854326], [127.13016176554214, 37.20205432473932], [127.13015240358165, 37.20207343703645], [127.13012883168348, 37.202122389314134], [127.13009777134694, 37.20218600068871], [127.13008797163728, 37.20220605054113], [127.1300795185608, 37.20222310746553], [127.13007091957981, 37.202240479912966], [127.13004666047173, 37.20228944192917], [127.13000489818579, 37.202372563477844], [127.12996234700198, 37.20245550565731], [127.12994983950163, 37.20247967620377], [127.12991945764325, 37.20253835808255], [127.12987600466951, 37.20262103089311], [127.12985785897416, 37.20265498386377], [127.12983187558841, 37.202703614314586], [127.12979413388372, 37.20277322478184], [127.1297872952274, 37.2027858377897], [127.12977438101778, 37.202809369015625], [127.12974226389058, 37.20286788152632], [127.12971765816417, 37.20291195117771], [127.12969655628926, 37.20294974576776], [127.12969389460137, 37.20295446110671], [127.12968689778424, 37.20296682198728], [127.1296527560105, 37.203027156771206], [127.12965122860832, 37.203029852544184], [127.12965028521774, 37.20303152049557], [127.12960367565782, 37.20311302525711], [127.12955927654785, 37.203189472754694], [127.12955638998099, 37.20319444062568], [127.12953709288958, 37.203227124316925], [127.12953028611688, 37.20323865602211], [127.12950854037302, 37.20327549616612], [127.12946023962925, 37.20335628186037], [127.12944374948648, 37.203383583272945], [127.12941137571235, 37.20343715824623], [127.12937194564306, 37.20350131006885], [127.12936194770856, 37.20351758469784], [127.12931206886927, 37.20359792150985], [127.12927395042595, 37.203658422656346], [127.12926162624471, 37.203677988594656], [127.1292106198336, 37.203757785951616], [127.12917674549266, 37.20381013705576], [127.12915904993824, 37.203837493788406], [127.12910714154398, 37.20391693165326], [127.12905455686602, 37.20399619001373], [127.12900140824496, 37.20407508853935], [127.1289479215768, 37.2041539874038], [127.12889375816638, 37.20423243644902], [127.12883914390956, 37.204310795848706], [127.12878396585666, 37.20438888551493], [127.12876901920112, 37.204409895886876], [127.12871103225713, 37.20442527590356], [127.12868036156974, 37.204406837438384], [127.12865070561709, 37.20438893850228], [127.12860564309331, 37.204453681783356], [127.12850304138175, 37.20463981225365], [127.12831515967133, 37.20473487537069], [127.12820222273615, 37.20489814815077], [127.12809810271895, 37.20497876769027], [127.12801397407175, 37.205043930916595], [127.12801396074663, 37.205157435376194], [127.12801396341914, 37.20519278330805], [127.12785181375928, 37.205277546306945], [127.12766668597439, 37.20541785585078], [127.12756631517368, 37.20553871152261], [127.12711988564195, 37.2060107287418], [127.12652687938264, 37.206310015845], [127.12644051645773, 37.20638140650831], [127.12636766386781, 37.206441465765764], [127.12616546638306, 37.206726985038216], [127.12604422215995, 37.20691240308437], [127.1260029644659, 37.20697774504961], [127.12590366465592, 37.207026469651886], [127.12557986101153, 37.20680477415239], [127.12546378270449, 37.20667141512102], [127.12525291950834, 37.20660571524252], [127.12529100904194, 37.20664879938003], [127.12581636730557, 37.20724329821158], [127.12612937270825, 37.20762402049378], [127.12606629842071, 37.20769878330108], [127.12604237305207, 37.20772724537426], [127.12600344931076, 37.207773545837306], [127.12594048727796, 37.20784821835362], [127.12587752526903, 37.20792298093992], [127.12581445048475, 37.20799774361023], [127.12580432033336, 37.20800978316404], [127.12575160073118, 37.20807241590579], [127.12568863835006, 37.20814717838951], [127.12568552395673, 37.208150875930514], [127.12565903468892, 37.20818229603291], [127.12562567569722, 37.20822185073488], [127.12556271292046, 37.208296523046116], [127.12549975016715, 37.20837128542724], [127.12543678728973, 37.20844604777421], [127.12537393679297, 37.20852071986505], [127.12531097366751, 37.2085954821437], [127.12524789776569, 37.208670244505825], [127.1251850467502, 37.20874482639014], [127.12514386189739, 37.20879373293816], [127.1251220832526, 37.208819588566215], [127.12505923228345, 37.20889435059057], [127.12499604308546, 37.20896902282904], [127.12493319186831, 37.209043784785116], [127.12487022787433, 37.20911854682443], [127.12480737611604, 37.20919312850402], [127.1247919385929, 37.20921142673042], [127.1247552055792, 37.209254967301774], [127.12474429922092, 37.20926789059216], [127.12468133470831, 37.20934256242475], [127.12461848287148, 37.209417324210214], [127.12455551825724, 37.20949208607862], [127.12449244071907, 37.20956675792565], [127.12442947585656, 37.209641519725565], [127.1243666235238, 37.20971628137451], [127.12430354546724, 37.209790863014646], [127.12424058023257, 37.20986562471198], [127.12417761487374, 37.20994038637515], [127.1241147620451, 37.2100151478875], [127.12406416466874, 37.21007520969077], [127.1239239217771, 37.20994317172511], [127.12392209399971, 37.20994145262221], [127.12371413656469, 37.21008970865732], [127.12344918996266, 37.2101422511691], [127.1231861628584, 37.21059065521562], [127.12314192062108, 37.21068736450731], [127.12310206678242, 37.21082304838109], [127.12304580035413, 37.21088943186972], [127.12305314427805, 37.21098699823976], [127.12287001375918, 37.211242063912856], [127.12261407653423, 37.211598652125424], [127.12241088851596, 37.211725636357215], [127.12229555889414, 37.21181585825761], [127.12223471472174, 37.21195143706992], [127.12185760545206, 37.212419551920746], [127.1216028234105, 37.212735715950046], [127.12151341087032, 37.212831046738934], [127.12111023368585, 37.21320574746808], [127.12091581583996, 37.213583480308316], [127.12026907271084, 37.21418188185493], [127.12000055730117, 37.21430435909746], [127.11988564050475, 37.214396353257], [127.11964141473246, 37.214591906951114], [127.11946643009675, 37.21499047707269], [127.11926408483188, 37.215176022735136], [127.11918211577932, 37.2152510889055], [127.11896676184804, 37.21536007642843], [127.11880836895294, 37.21551965473526], [127.11880452185736, 37.21573455704599], [127.11855824648714, 37.21629990708732], [127.11853189497432, 37.21632944224318], [127.11849745442126, 37.21642480648712], [127.11838090994081, 37.21668460177712], [127.11838018750785, 37.216800566565254], [127.11843238543233, 37.21689575516639], [127.11835386180547, 37.21709537735033], [127.1181761188561, 37.21754727177073], [127.11817426710432, 37.2175519680215], [127.11816328637434, 37.21759126425152], [127.11813355802234, 37.21767445966728], [127.11805806754487, 37.21796457926065], [127.11796095968347, 37.218337886179654], [127.11792864219295, 37.21854015671393], [127.11792737004323, 37.21854813218146], [127.11791576883422, 37.21862374096374], [127.11791522224793, 37.218627309625155], [127.11790193779136, 37.21871466964003], [127.11789556378451, 37.218789939896425], [127.11789300747081, 37.218820082244804], [127.11789264234037, 37.21882442562334], [127.11788799349758, 37.21887858278191], [127.11786195520507, 37.21918616984], [127.11785693128753, 37.219245562412944], [127.11784339737858, 37.219405375393634], [127.11783571643859, 37.22000169208092], [127.11783564656353, 37.22000754891782], [127.11783524465811, 37.220017298579066]]]}}, {"id": "602", "type": "Feature", "properties": {"EMD_CD": "41597109", "COL_ADM_SE": "41590", "EMD_NM": "\ubaa9\ub3d9", "SGG_OID": 10357}, "geometry": {"type": "Polygon", "coordinates": [[[127.11159350270613, 37.180188344547496], [127.11172294531407, 37.18024844122025], [127.11192973150669, 37.180349003824944], [127.1120168410789, 37.18039137997174], [127.11254995818477, 37.18065065354298], [127.11262498793091, 37.18068713869944], [127.11289933823562, 37.18083804081339], [127.11292202520568, 37.180850535031475], [127.11297218896307, 37.18087812297571], [127.11301672890822, 37.180902616588234], [127.11301654880998, 37.180902670820544], [127.11372495099259, 37.181297687964474], [127.11381148173922, 37.18135082183582], [127.11389642393947, 37.18140338949037], [127.11410596130442, 37.181532553912675], [127.11424365861424, 37.181620230035776], [127.11447483863333, 37.18176273573671], [127.11447483448725, 37.181759951504944], [127.11449510081299, 37.18177243871675], [127.11451648304146, 37.18178561866718], [127.1147150890398, 37.18190805259475], [127.11489300088296, 37.18201772914209], [127.11490518700582, 37.18202620534457], [127.11519184928491, 37.18222569280669], [127.11523689652783, 37.18225705107009], [127.11535045042727, 37.1823360719814], [127.11538687386648, 37.18236142848822], [127.11564237965555, 37.18253924757396], [127.11568818255455, 37.18257111853278], [127.11592059828662, 37.18274521991367], [127.11596854720786, 37.182781143402146], [127.11598382368041, 37.18279258996226], [127.11600301227926, 37.18280696114303], [127.1161307711448, 37.18290267298239], [127.11620073875324, 37.18295508225456], [127.11619415566402, 37.182958287343055], [127.11622777427569, 37.18297532963957], [127.11636293328606, 37.18308645097388], [127.11631001694647, 37.18309468376012], [127.11664647174598, 37.18337433060438], [127.11667491822602, 37.18337430295963], [127.11698492859662, 37.18365810132178], [127.11686307900722, 37.183658220008255], [127.11635608560638, 37.18365871249521], [127.11636657191303, 37.18366735238069], [127.1149904595127, 37.183668606222405], [127.11459841228957, 37.183668963025646], [127.11455797218116, 37.18366900161538], [127.11424737953277, 37.183669297536504], [127.11424747421198, 37.18373300145968], [127.11416821160041, 37.18366973325331], [127.11368824558504, 37.18367009852061], [127.11346386297966, 37.183710587533874], [127.1131271434137, 37.18371090520165], [127.11307994755568, 37.18370410169445], [127.11308039825755, 37.18393395832282], [127.11342644669986, 37.184302250224775], [127.11358652752091, 37.18464305500608], [127.1135865849369, 37.18483434716832], [127.11358744889623, 37.18496175435251], [127.11442929317947, 37.18596553191201], [127.11455404131672, 37.18601866480911], [127.11482269529434, 37.186132931201776], [127.11507681305527, 37.18624108380005], [127.11557299780209, 37.18630584294408], [127.11555441928154, 37.18668276854708], [127.11542319523255, 37.18696807595664], [127.11547041439896, 37.187288712938894], [127.11536032643092, 37.187550482612174], [127.11549124922308, 37.18803809306116], [127.11563664309396, 37.18841170705156], [127.1154786202151, 37.18877732345661], [127.11595043486993, 37.18924982774816], [127.1160808898032, 37.18934872662757], [127.11658624641198, 37.18913513950371], [127.1169746741888, 37.18919482533701], [127.11723855668475, 37.18923536724728], [127.11748820049051, 37.189273723955665], [127.11784026616651, 37.18932782000971], [127.11830970221895, 37.18951653277343], [127.11878092117956, 37.18970596274167], [127.11932033169103, 37.18973993768058], [127.12091720526529, 37.19088158602038], [127.12143814903122, 37.19125400266825], [127.12074707752073, 37.19161547882951], [127.12063260076941, 37.19225196641058], [127.12062883810339, 37.19227291049097], [127.12032798728835, 37.19276257037117], [127.1201358674694, 37.19285052470724], [127.11981601442464, 37.193508697743766], [127.11995680802433, 37.193563124376105], [127.12007871360997, 37.19361025325649], [127.12009054834618, 37.1936157377885], [127.12047929083126, 37.193795016503586], [127.12074513354668, 37.19391758876138], [127.1207472074615, 37.193918550792624], [127.12110787590116, 37.194077492062455], [127.12160424242904, 37.194292519977274], [127.12273055063426, 37.19513619284345], [127.12302651507352, 37.19505913863991], [127.12340313643564, 37.194983118037605], [127.12395320050074, 37.19508932467663], [127.1244881099279, 37.19528142308995], [127.12495649068154, 37.19572308776428], [127.12523032332142, 37.19603294178475], [127.12601213379416, 37.19597658238483], [127.1264145525442, 37.196209916884115], [127.12702972816251, 37.19571494450445], [127.12738497315476, 37.19574878028435], [127.12760737036253, 37.19578435131535], [127.1280374064498, 37.19585311110655], [127.1285538392746, 37.196039759536525], [127.13002884299692, 37.196098385516294], [127.12999597852615, 37.196046430875136], [127.13039158651436, 37.19593652423591], [127.13051784049878, 37.19593170139355], [127.13082292619566, 37.19591571764762], [127.13110503591182, 37.19569625726837], [127.13113645995438, 37.195695898515126], [127.13150051751745, 37.195692021604685], [127.13149951461942, 37.19564576306097], [127.13149698362409, 37.19555567936991], [127.13149385571307, 37.19546561435318], [127.13149011960984, 37.195375559012675], [127.13148578659522, 37.195285522346424], [127.13148085667132, 37.19519550435434], [127.13147532984027, 37.1951055050363], [127.13146920611965, 37.19501553340277], [127.1314624855116, 37.19492558945355], [127.13145521296272, 37.194835610066114], [127.13144724239379, 37.19474579363048], [127.13142962307647, 37.194566144572846], [127.13141990686142, 37.19447637509769], [127.13140960505015, 37.194386642304174], [127.13139844402755, 37.19429501825569], [127.13138719967206, 37.19420733186313], [127.13137510735704, 37.19411774519243], [127.13136241822194, 37.194028213235946], [127.13134913228426, 37.193938745003884], [127.13132329689842, 37.19377547689975], [127.13133555328254, 37.19366493225821], [127.1313398461399, 37.19362642589321], [127.13117988221316, 37.193701568033724], [127.13126328483565, 37.193635718446394], [127.13127806024754, 37.19350312247305], [127.13127609331151, 37.19349234812661], [127.13127358126654, 37.19347895233561], [127.13125006106178, 37.19347714897179], [127.1312217908764, 37.19347709883141], [127.13119182381853, 37.193472707503666], [127.13116555474589, 37.19346390601047], [127.13101047497013, 37.193398119106824], [127.13101566634829, 37.19334486165906], [127.13102488536582, 37.19326919081253], [127.13102760701774, 37.193247076186864], [127.13102969903106, 37.19321241068893], [127.13102124018855, 37.19316603412554], [127.13101207631577, 37.19311571175351], [127.1310055849036, 37.19307382024325], [127.13095703938679, 37.19290753132068], [127.13094963600396, 37.192727240240494], [127.13102137995479, 37.19270052693842], [127.13110149923405, 37.19267794924093], [127.13109941581396, 37.19267148201415], [127.13116352494035, 37.19267858419752], [127.13114481215743, 37.19260309707354], [127.1311401407234, 37.192584883047644], [127.13112224879784, 37.192515179732034], [127.13111213609365, 37.19247641881225], [127.13109934791451, 37.1924274429631], [127.13107565884255, 37.19233979715488], [127.13105151931424, 37.19225215183309], [127.1310266030801, 37.19216472360498], [127.13100143930762, 37.192077403766255], [127.13099989872532, 37.19207222443875], [127.13097549852543, 37.19199012081174], [127.13095062538991, 37.191908044726546], [127.13094910760151, 37.19190301855105], [127.13092204097528, 37.19181591702119], [127.13089441158363, 37.19172899630747], [127.13086621942824, 37.19164225640948], [127.13083746420351, 37.19155551711807], [127.13080803359202, 37.1914689587645], [127.13077804022237, 37.19138258122538], [127.13074770904203, 37.19129620404585], [127.1307167026338, 37.19121009790722], [127.13068502069262, 37.19112408260026], [127.13067449780829, 37.19109553092734], [127.1303474552759, 37.19026795219609], [127.13006156892749, 37.1895444706719], [127.13004519074825, 37.18950304033229], [127.1299228297943, 37.18919337542228], [127.12987651206997, 37.189076163499536], [127.12968269177519, 37.18858568172736], [127.12965881502502, 37.188525247368354], [127.12964939327311, 37.188501397860314], [127.12962446474526, 37.18843833357664], [127.12931515715592, 37.18765554145078], [127.12913592302179, 37.18720195878864], [127.12911741946957, 37.18715510629465], [127.12894300578688, 37.18671370926478], [127.12848147135274, 37.18554563771314], [127.12838043061235, 37.18528992082892], [127.12810205747, 37.18458536589012], [127.12710282111291, 37.18193960421272], [127.12701312655682, 37.18170227335288], [127.1269994432439, 37.1816676876378], [127.12691010608644, 37.18144179960822], [127.12664653987468, 37.180794585761944], [127.12660390773337, 37.18068677542538], [127.12623402107006, 37.179752238666346], [127.12618718787917, 37.17962271733973], [127.12615517412391, 37.179534268165526], [127.12603651353407, 37.179552233664204], [127.12448097400468, 37.17978786018368], [127.12426729142538, 37.179818987671105], [127.1241196949898, 37.17984049530818], [127.123998563162, 37.1797931353883], [127.1239438002487, 37.17977165695204], [127.12339009120656, 37.17955642692211], [127.12296585349416, 37.17939152031623], [127.12292866937639, 37.17937705155971], [127.12256627368592, 37.17929389524345], [127.12234225361316, 37.179268083622134], [127.12209587743284, 37.179275542981685], [127.12183321939492, 37.17931230240616], [127.1217836877188, 37.17932253452815], [127.12132473191963, 37.179417879783166], [127.1204812270317, 37.17959290215491], [127.12014887852297, 37.179640270050726], [127.11964525192136, 37.17968843863022], [127.11862366959961, 37.179695129311426], [127.11793482875062, 37.179762665843924], [127.11697128374992, 37.17987263538347], [127.11629831215917, 37.17986202612665], [127.11500832323337, 37.179606109804396], [127.11453589202645, 37.17950690552192], [127.11447169443483, 37.17949993856885], [127.11424080825903, 37.17947474890979], [127.11417762433551, 37.17946787093775], [127.11401658647172, 37.179463248395486], [127.1138150159496, 37.17946307918965], [127.11374756306583, 37.17946305299525], [127.11354421036071, 37.1794761304153], [127.11328244140535, 37.179508184601055], [127.11300155702615, 37.179559538612516], [127.11284688359075, 37.179594734792154], [127.11279116586084, 37.179611005986345], [127.1127141743494, 37.17963369455844], [127.11262063623008, 37.1796611741489], [127.1125011096884, 37.17970534738972], [127.11235479646047, 37.17975945709258], [127.11221716394476, 37.1798204064653], [127.11217710086744, 37.17983819452411], [127.1120425185019, 37.17990598880536], [127.11203160337831, 37.17991149537612], [127.11193799035611, 37.17996528508244], [127.11187430623099, 37.18000174673158], [127.11183717607273, 37.180023136133066], [127.11176562906748, 37.18007330096532], [127.11159350270613, 37.180188344547496]]]}}, {"id": "603", "type": "Feature", "properties": {"EMD_CD": "41597105", "COL_ADM_SE": "41590", "EMD_NM": "\uccad\uacc4\ub3d9", "SGG_OID": 10356}, "geometry": {"type": "Polygon", "coordinates": [[[127.09879165243828, 37.20407761742605], [127.09879697682946, 37.20471537186223], [127.09912826760178, 37.20471311703908], [127.09958538353887, 37.20471003635346], [127.10067426005529, 37.20465029173539], [127.10442634049377, 37.204189721754354], [127.10546379443775, 37.204015184796575], [127.10712965445605, 37.20365221251934], [127.10764991987435, 37.20354182018245], [127.10797537476311, 37.20347863528444], [127.10845750619977, 37.2034071987599], [127.1089826850266, 37.20334851605202], [127.10931429841693, 37.20333992514818], [127.10946028043819, 37.20333618804082], [127.10960311135676, 37.20333452602971], [127.11039905072087, 37.203329652318736], [127.11121860880485, 37.20337737235277], [127.11290512588518, 37.20353203953227], [127.11350357549968, 37.203586348868235], [127.11374770991412, 37.20360855381511], [127.11466791307802, 37.203688411954815], [127.11526530984911, 37.20371505134973], [127.11597553348987, 37.203712565160465], [127.11633631201842, 37.20369689827628], [127.1164777788592, 37.20368675948732], [127.11663760499829, 37.20367543133226], [127.1168013663957, 37.203659323599844], [127.11692401428031, 37.20364451716324], [127.11732462476435, 37.20360015526523], [127.11773142222147, 37.20355055988903], [127.11837793213986, 37.2034310761978], [127.1199481528237, 37.203113160295395], [127.12096503248424, 37.202924361773775], [127.12093385096624, 37.20272310000852], [127.12092486086307, 37.20266517194813], [127.12081618143186, 37.201963187994345], [127.12312098061773, 37.20176567837173], [127.12327437820146, 37.20175254577395], [127.12564730322696, 37.20154915028469], [127.126777053797, 37.20145227023054], [127.12721223957372, 37.20141495657806], [127.12837228239701, 37.201315506244285], [127.12896312136567, 37.20126882873071], [127.12919344146285, 37.20125001921665], [127.12924208483082, 37.201246182395636], [127.12928279928522, 37.20124296681632], [127.12978923500448, 37.201202971825815], [127.1300332961451, 37.20118369527764], [127.13035427520192, 37.20124780731872], [127.13046234401264, 37.200976682717744], [127.13041470251962, 37.200847524842764], [127.13049286433005, 37.200635874614456], [127.13053072213424, 37.20057591395694], [127.13060384921764, 37.200530151357945], [127.13067961316096, 37.200366078740714], [127.13074093038244, 37.200198507757925], [127.13078987476375, 37.20002815700402], [127.13082313417745, 37.199854669691504], [127.13089190859617, 37.199687811312224], [127.13091016848749, 37.19961586100513], [127.13092666060467, 37.199550913739564], [127.13086780149736, 37.199323374229266], [127.13087941646639, 37.1993113055735], [127.13098053106741, 37.19915900872729], [127.13098991155184, 37.198979600543176], [127.13102217035079, 37.198807736118084], [127.13109228392656, 37.19864096623439], [127.13107043505353, 37.198510789208754], [127.13109364442536, 37.19838254519903], [127.13108418745222, 37.19831930222057], [127.13109366995072, 37.19826567970266], [127.13110904173581, 37.19823088257124], [127.13116039329853, 37.19822451907514], [127.13123147601081, 37.19822966732357], [127.13128544396406, 37.198238348351374], [127.13131385418552, 37.1982533646706], [127.13132823575023, 37.198166578328404], [127.13134238768882, 37.198077269310225], [127.13135608889459, 37.19798787067855], [127.13136900130606, 37.197898292699655], [127.13138146329725, 37.1978088053162], [127.13139324913483, 37.19771913846246], [127.13140447176563, 37.19762947222372], [127.1314151310373, 37.19753971649581], [127.13142511447062, 37.1974499615067], [127.13143464749332, 37.197360297113754], [127.1314432823453, 37.197272345688575], [127.13144209799145, 37.197271364848824], [127.1314509913512, 37.197176529157154], [127.13145862068521, 37.19708681278341], [127.13146566392936, 37.196996880799986], [127.13147212140998, 37.196906922426], [127.13147795935429, 37.19681694670904], [127.1314832115239, 37.196726935591236], [127.1314878779518, 37.196636907093584], [127.13149192484975, 37.196546861253175], [127.13149538601027, 37.19645679803298], [127.13149823892405, 37.19636672646823], [127.13150049453222, 37.19627645732754], [127.13150215377928, 37.19618654024722], [127.13150321575587, 37.19609644361188], [127.13150366949434, 37.196006338632046], [127.13150352596662, 37.195916054097246], [127.1315027973651, 37.1958261306209], [127.1315014715171, 37.19573603659994], [127.13150051751745, 37.195692021604685], [127.13113645995438, 37.195695898515126], [127.13110503591182, 37.19569625726837], [127.13082292619566, 37.19591571764762], [127.13051784049878, 37.19593170139355], [127.13039158651436, 37.19593652423591], [127.12999597852615, 37.196046430875136], [127.13002884299692, 37.196098385516294], [127.1285538392746, 37.196039759536525], [127.1280374064498, 37.19585311110655], [127.12760737036253, 37.19578435131535], [127.12738497315476, 37.19574878028435], [127.12702972816251, 37.19571494450445], [127.1264145525442, 37.196209916884115], [127.12601213379416, 37.19597658238483], [127.12523032332142, 37.19603294178475], [127.12495649068154, 37.19572308776428], [127.1244881099279, 37.19528142308995], [127.12395320050074, 37.19508932467663], [127.12340313643564, 37.194983118037605], [127.12302651507352, 37.19505913863991], [127.12273055063426, 37.19513619284345], [127.12160424242904, 37.194292519977274], [127.12110787590116, 37.194077492062455], [127.1207472074615, 37.193918550792624], [127.12062592914397, 37.19386262777087], [127.12047929083126, 37.193795016503586], [127.12009054834618, 37.1936157377885], [127.12007871360997, 37.19361025325649], [127.11981601442464, 37.193508697743766], [127.1201358674694, 37.19285052470724], [127.12032798728835, 37.19276257037117], [127.12062883810339, 37.19227291049097], [127.12063260076941, 37.19225196641058], [127.12074707752073, 37.19161547882951], [127.12143814903122, 37.19125400266825], [127.12091720526529, 37.19088158602038], [127.11932033169103, 37.18973993768058], [127.11878092117956, 37.18970596274167], [127.11830970221895, 37.18951653277343], [127.11784026616651, 37.18932782000971], [127.11748820049051, 37.189273723955665], [127.11723855668475, 37.18923536724728], [127.1169746741888, 37.18919482533701], [127.11658624641198, 37.18913513950371], [127.1160808898032, 37.18934872662757], [127.11595043486993, 37.18924982774816], [127.1154786202151, 37.18877732345661], [127.11563664309396, 37.18841170705156], [127.11549124922308, 37.18803809306116], [127.11536032643092, 37.187550482612174], [127.11547041439896, 37.187288712938894], [127.11542319523255, 37.18696807595664], [127.11555441928154, 37.18668276854708], [127.11557299780209, 37.18630584294408], [127.11507681305527, 37.18624108380005], [127.11482269529434, 37.186132931201776], [127.11455404131672, 37.18601866480911], [127.11442929317947, 37.18596553191201], [127.11358744889623, 37.18496175435251], [127.1135865849369, 37.18483434716832], [127.11358652752091, 37.18464305500608], [127.11342644669986, 37.184302250224775], [127.11308039825755, 37.18393395832282], [127.1125958135793, 37.18393450372453], [127.11244442066561, 37.184062954630164], [127.11192977860259, 37.18414903478902], [127.11195969423814, 37.18419874469082], [127.11197572428469, 37.18422522052338], [127.11191662815965, 37.184244017376585], [127.11165357319025, 37.18425534507156], [127.11161805557802, 37.18422537322373], [127.11156945011493, 37.18418633998118], [127.11156326026973, 37.18418136294164], [127.11141394813441, 37.1840375142469], [127.1112491218637, 37.18414534211175], [127.11107724563942, 37.18420659214497], [127.11088665057208, 37.18425100963395], [127.11074727483495, 37.184202751995265], [127.11062210767312, 37.18416754628782], [127.11061880170153, 37.18416315222362], [127.1106035016951, 37.1841428026532], [127.11051085563174, 37.18401960668861], [127.11035241554346, 37.18402687060525], [127.11027079692334, 37.1840463180579], [127.11012035326411, 37.184132776341066], [127.1100513559615, 37.18415815898167], [127.10992338532863, 37.1842098160178], [127.10986364261217, 37.184249336515904], [127.10980549979666, 37.18422632287252], [127.10977441790425, 37.18422644138107], [127.10955833048209, 37.184242587153655], [127.10945661715613, 37.18425163626622], [127.10930351225895, 37.18426525531037], [127.10912100365255, 37.184295065644484], [127.10868751522293, 37.18435465731906], [127.10841490250931, 37.18445690209175], [127.10836481665963, 37.18447713071864], [127.10830015518576, 37.184463222788374], [127.10824183118736, 37.184471294656085], [127.10803607141719, 37.18430424553352], [127.10775888302767, 37.18438040760677], [127.10675678752753, 37.18465562564614], [127.1069256088008, 37.18466187300323], [127.10708079269739, 37.184660383268955], [127.10717080805775, 37.18469325431329], [127.10718490360253, 37.184698404740864], [127.10702081562572, 37.1847756265106], [127.10697399841446, 37.184798248422574], [127.10685763627157, 37.18477753775697], [127.10682025761137, 37.18478486946308], [127.10670658381487, 37.184834888429904], [127.10660211974435, 37.184867058393735], [127.10616832934679, 37.184956465764685], [127.10605000054991, 37.18497963701965], [127.10596816920317, 37.18500971404597], [127.10591554522243, 37.184986693630904], [127.10588795600187, 37.18498815961268], [127.10585509868824, 37.185007741266716], [127.1057247623825, 37.1850620088825], [127.10559507068271, 37.18509374962034], [127.10547966645883, 37.18511466511958], [127.10539665207284, 37.18512816352928], [127.10538103549818, 37.185130700151205], [127.10517816893415, 37.185182057271504], [127.10509220019858, 37.18523412285156], [127.1049428648612, 37.18531354541596], [127.10472005528065, 37.18544114770717], [127.10468988516001, 37.18544959876977], [127.10467163673019, 37.18545470557295], [127.10465937730157, 37.18545814022339], [127.10456169881341, 37.185512558331226], [127.10446201238416, 37.18558121463994], [127.10411969585164, 37.185862548024545], [127.1040690806524, 37.18590926606079], [127.10400857784516, 37.18597293230494], [127.10396306186861, 37.18604298299045], [127.10388620797355, 37.18609098509767], [127.10378243114366, 37.186133874431], [127.10373207005895, 37.18616052579497], [127.10366460304247, 37.1861962383943], [127.10354336017525, 37.186231844097804], [127.10345266312109, 37.18628688600576], [127.10337826267876, 37.18631731526333], [127.10313686242671, 37.18644276802939], [127.10310272306444, 37.186515151342064], [127.10300154751592, 37.18656704822372], [127.10277912768518, 37.186654369730086], [127.1028069284771, 37.18673492655363], [127.10283486500178, 37.18681587971386], [127.1028872922519, 37.18694423398956], [127.10292325904868, 37.18705908663246], [127.10290096386177, 37.18723030453364], [127.10298765555216, 37.18724439476721], [127.1030133365503, 37.18744896436357], [127.1029823157147, 37.18759672649635], [127.10296722782431, 37.18766657951941], [127.10293589329538, 37.18775675603265], [127.10311429252799, 37.18815702815907], [127.10313255843158, 37.18819801910951], [127.10319540846307, 37.18836277555634], [127.10333503471546, 37.18858710625672], [127.10340155482588, 37.1887418488057], [127.1034660661492, 37.188834700181204], [127.10351355340863, 37.18892244823533], [127.10357566449741, 37.18897223160922], [127.10377181170199, 37.189091099683075], [127.10387974035288, 37.18920078993985], [127.10391491236487, 37.18924225271878], [127.10404191228301, 37.18932964347038], [127.10412300035198, 37.1894953567373], [127.10412692323273, 37.18962284234469], [127.10415806311487, 37.18967224675589], [127.10421769049105, 37.18981664176928], [127.10421720268243, 37.18983898813301], [127.10420367014835, 37.18986758104207], [127.10412011588036, 37.18996885891814], [127.10407765726366, 37.19000282907286], [127.10403118174278, 37.19001464596753], [127.10397051272572, 37.19002442073414], [127.10383219596359, 37.190022738174264], [127.10378091474041, 37.19001204198194], [127.10363530595255, 37.18994793201001], [127.10351277645881, 37.189919005858464], [127.10339683134826, 37.18987015179096], [127.10331613201706, 37.18988407023643], [127.10321741687486, 37.18990108567071], [127.10306535976419, 37.18986547160668], [127.10296482530337, 37.18981062997069], [127.1029185344849, 37.189775321564504], [127.1028663700984, 37.1897356120496], [127.10308618279413, 37.18959546432535], [127.10304252669421, 37.18954276351865], [127.10298373645225, 37.189508736321756], [127.10291555287151, 37.18948271842434], [127.10291494438944, 37.18948248467314], [127.10290029959113, 37.189479730994734], [127.10290542745449, 37.189465481068176], [127.102921943834, 37.18941921623779], [127.10276806928265, 37.18931215038946], [127.10275539846094, 37.18929478904885], [127.10270205310394, 37.189272831075435], [127.10263172324743, 37.18925865459233], [127.10248773514365, 37.189174989116545], [127.10242648954737, 37.18914890194959], [127.10237407999075, 37.18913603458619], [127.1023603024689, 37.18915868059267], [127.10235095882682, 37.189161770123135], [127.10219962236584, 37.18913311040519], [127.10205886400966, 37.18910645085017], [127.101963921308, 37.189173596246754], [127.10187369272393, 37.18923723250414], [127.10186036552825, 37.189259878070736], [127.10182240967525, 37.18929266323766], [127.10169819879395, 37.18936222096762], [127.10164813564789, 37.18941198301322], [127.10156534487565, 37.189342960742245], [127.1014197112581, 37.189206313847194], [127.10132092085018, 37.1891315652293], [127.1012485634699, 37.18908260925172], [127.10120357464781, 37.18903441411445], [127.10109783154141, 37.18897355627935], [127.10105501616523, 37.1890452254279], [127.10100823607708, 37.189099507699225], [127.10093973685984, 37.189166963453566], [127.10087409950249, 37.18918386808009], [127.10083499250908, 37.18916353722763], [127.10072481614438, 37.1892262522435], [127.10051916010322, 37.18930841947287], [127.10039375357404, 37.18935159420519], [127.10030006876336, 37.18936554846586], [127.10011576799575, 37.18941507931725], [127.10000153049269, 37.18964683328179], [127.09992855906215, 37.18974060270829], [127.09983386951275, 37.18993557758222], [127.09975082569237, 37.19007900288788], [127.09966644118643, 37.190056997199214], [127.09943645211337, 37.19039877404004], [127.09930482500647, 37.19059819411918], [127.09936816554362, 37.19063301229788], [127.09935736325487, 37.19064059000508], [127.09922069174891, 37.19077153466114], [127.09914337572897, 37.19081656058787], [127.0991434967041, 37.191120474248024], [127.09914363946821, 37.19149379543167], [127.09914374458552, 37.19175039515799], [127.09914375026209, 37.19177229957532], [127.0991440150594, 37.19245033623879], [127.0988244332723, 37.19258296276496], [127.0988239166132, 37.192706947065304], [127.09882339220546, 37.192824894364], [127.09882422801785, 37.193300645725984], [127.09882101494973, 37.19342985828976], [127.09882001352855, 37.193702695680344], [127.09881917075856, 37.19392363271232], [127.09881813914791, 37.194172952820516], [127.09881704654794, 37.1941728906447], [127.09881727347492, 37.19437604915582], [127.0988132448681, 37.19457193971927], [127.09881437518825, 37.1951016633079], [127.09881209936907, 37.195610215085104], [127.09880875803147, 37.19599063908181], [127.09880778017454, 37.196018572282874], [127.09880884077437, 37.19649396278401], [127.0988053546582, 37.19737599855157], [127.0988047622031, 37.197528726144256], [127.09878962471791, 37.20135655611263], [127.09879165243828, 37.20407761742605]]]}}, {"id": "604", "type": "Feature", "properties": {"EMD_CD": "41597113", "COL_ADM_SE": "41590", "EMD_NM": "\ubc29\uad50\ub3d9", "SGG_OID": 10355}, "geometry": {"type": "Polygon", "coordinates": [[[127.07680353020687, 37.162255885136204], [127.07689543598858, 37.16228238066543], [127.07712404814389, 37.162474356986195], [127.0772136588245, 37.162535958653876], [127.07742884726447, 37.162688927472594], [127.07781593786132, 37.162961192523], [127.07793925726064, 37.163022510622824], [127.07795123023931, 37.16315067730148], [127.07796252685351, 37.163177350112555], [127.0781470837378, 37.16360865375471], [127.07825911544917, 37.1637512174968], [127.07829003755407, 37.163790582369636], [127.07836422051444, 37.163924151011315], [127.07846388803408, 37.16414140160261], [127.07842600420405, 37.164331755007076], [127.07840620294907, 37.16436780084949], [127.07847490618515, 37.164503823820056], [127.07861772130383, 37.16460219773196], [127.07865761943238, 37.16463274439303], [127.07873444296301, 37.164693326013065], [127.07877255506067, 37.1647831178369], [127.07881128108242, 37.16484549930585], [127.07886430823656, 37.16488819249576], [127.07887047858739, 37.164899784981344], [127.07892979157364, 37.1650340927993], [127.07894490425002, 37.16507053940691], [127.07894826481443, 37.16507588043731], [127.07901781390699, 37.16511250770376], [127.07919510119027, 37.16540486341676], [127.07927412077997, 37.165563738771375], [127.07936793160243, 37.16575236602888], [127.07938718883412, 37.16580069469995], [127.0793934310623, 37.165816350844025], [127.07952079107626, 37.16613352671522], [127.0795702908994, 37.1662593437435], [127.07958157099807, 37.16624706401483], [127.0795863486287, 37.16629457322177], [127.07961479044702, 37.16636186289728], [127.07963763501148, 37.16641666770586], [127.07966026672754, 37.166472481825565], [127.07966607310343, 37.16649118378898], [127.07967951731074, 37.16652492824474], [127.07973006624, 37.16664127447315], [127.07980124651475, 37.166816706898665], [127.07997595768782, 37.167224226211054], [127.08014056041915, 37.16761039706973], [127.08015257799002, 37.16763604197625], [127.08016105095079, 37.16765276884348], [127.08017650673082, 37.167649830173524], [127.08019433803015, 37.16769017634492], [127.08023285591, 37.16777728225485], [127.08032912469257, 37.16799682205379], [127.08041988683199, 37.168204156212624], [127.08050208190365, 37.16842302042762], [127.0805884511693, 37.1686277353162], [127.08078115678637, 37.16909377346792], [127.0810940262568, 37.16985039109321], [127.08117826448802, 37.170049187038714], [127.081349001976, 37.17042207043898], [127.08149289178914, 37.17073545740138], [127.08152489200555, 37.17079989684923], [127.08156855619036, 37.170895342516715], [127.08168247923801, 37.17114924418776], [127.08168504113284, 37.1711548740108], [127.0817553463865, 37.17129312843455], [127.08182237247884, 37.171428699909754], [127.08189051148194, 37.17156234234414], [127.08195545492191, 37.171687219699514], [127.0820113385244, 37.171794703917044], [127.0820661075479, 37.17190217084288], [127.08211335305228, 37.17199703718519], [127.08214446261196, 37.172059413655276], [127.08220656496304, 37.17220127756611], [127.08225053079885, 37.172303516661565], [127.082263326937, 37.172339910314946], [127.08228796644158, 37.17243787357022], [127.08237951386342, 37.17280150145058], [127.08243935090813, 37.17303547196778], [127.0825484887332, 37.173494752001076], [127.08259898158511, 37.173697660643235], [127.08261895975309, 37.173784580140435], [127.08272289392325, 37.1741562906076], [127.0828537616861, 37.17470490334207], [127.08292643562032, 37.17498877379555], [127.08298660227997, 37.175232898536535], [127.08303911912222, 37.17549384206222], [127.08313490955832, 37.1759219452619], [127.08315048466747, 37.17599705492624], [127.0832264159081, 37.17629201479156], [127.08330318230587, 37.176598615559016], [127.0833314681091, 37.17671297508446], [127.08334587375548, 37.176726625026404], [127.0833374017825, 37.17673328962289], [127.08344441126776, 37.17713035263662], [127.08351527966516, 37.177427298065226], [127.08360148027533, 37.17772970217653], [127.08363591725139, 37.178074743643606], [127.0836439088718, 37.17815474215064], [127.08372850423109, 37.17820078109523], [127.08377084267188, 37.17837560005711], [127.08377435728674, 37.178407918205], [127.08377838373875, 37.178444939467184], [127.08381234092151, 37.17869958805457], [127.08383037639535, 37.17883051579751], [127.08389711435008, 37.17931335894394], [127.0838992926654, 37.179338667860584], [127.08388699013553, 37.179374961606634], [127.08387925252332, 37.17939443862723], [127.08387233384265, 37.17959775584442], [127.08387161623142, 37.179621345772134], [127.0838876504402, 37.179609720121114], [127.08393603293494, 37.17957334722108], [127.0839380400107, 37.17988669416798], [127.08393067550844, 37.179938680730146], [127.08390007791114, 37.179958029481355], [127.08391680980341, 37.17997698489917], [127.08389177989699, 37.1800836953549], [127.08383499139234, 37.180333424127504], [127.08377817619208, 37.18057964780605], [127.08372189021117, 37.180815770337325], [127.08368409600476, 37.1809491515853], [127.08367914531676, 37.18095303853321], [127.08366819380589, 37.18101017253839], [127.08359889143283, 37.18131075594289], [127.08353667423059, 37.18157190455282], [127.08350968651084, 37.18168111215598], [127.08349774079728, 37.181683391061675], [127.08343066679197, 37.181921331980476], [127.0834206367835, 37.181956128352695], [127.08336385494546, 37.18216257951442], [127.08334743931428, 37.182217888126885], [127.08332405086686, 37.182302638766544], [127.08327390794915, 37.18248377487136], [127.08331391933771, 37.18266109137511], [127.08357284260538, 37.18270409051743], [127.08379006904023, 37.182740243065254], [127.08389936937292, 37.1827584043114], [127.08442273658767, 37.182845287642984], [127.0846609251263, 37.18288490196517], [127.08509938164684, 37.18296044361511], [127.08517245257339, 37.182946155498385], [127.0853098911678, 37.18299066021185], [127.0852919634063, 37.18297066964232], [127.08531765030271, 37.18298047289095], [127.08558003883532, 37.1830794923057], [127.08611630545505, 37.18327824202027], [127.08608657537825, 37.18327844345459], [127.08644167408156, 37.18340073186319], [127.08688498487732, 37.183552600126625], [127.08687844255417, 37.183543143846045], [127.08739712897187, 37.183725231039396], [127.08747711977242, 37.18375508779257], [127.08763439899518, 37.18381498331001], [127.08767552125063, 37.18383045142174], [127.08777118079288, 37.18387345186693], [127.087932574229, 37.183946093807144], [127.08804587909292, 37.183997325738254], [127.08808892052429, 37.18401675691113], [127.08837714554015, 37.184150892061815], [127.08896554219612, 37.1844245577136], [127.08906528653175, 37.18449278340779], [127.08912682946165, 37.1845397725645], [127.08931315818192, 37.18468956884024], [127.08963691465569, 37.18467491173332], [127.09007158716672, 37.18455402756646], [127.09018663906026, 37.184517809535876], [127.09052899675432, 37.18442456477751], [127.09087855616072, 37.18432716878145], [127.09103279084081, 37.18428506356341], [127.09151732873508, 37.18414809776566], [127.09192665381957, 37.18411931303857], [127.0922160532421, 37.18409944902491], [127.09254925780967, 37.18407765845665], [127.0926504915605, 37.184071002988674], [127.09287176259542, 37.18405497415516], [127.09296117260469, 37.184049138480276], [127.09331239340365, 37.18402580007973], [127.09394107863585, 37.18398539493891], [127.0943741750636, 37.18396577389032], [127.09459961983, 37.18395595578326], [127.09481089724184, 37.183964259448004], [127.09484005904895, 37.18395964114212], [127.09495269337005, 37.18397468995881], [127.09523627249325, 37.183984828022815], [127.0953979596739, 37.18398858352786], [127.09545031506703, 37.18374330407474], [127.09548233947321, 37.18358600092533], [127.09549608552469, 37.18351893410297], [127.095505062416, 37.18347467656224], [127.09552955387338, 37.183354691727224], [127.09554384830257, 37.18328492132041], [127.09557663557881, 37.1830166085254], [127.09560393735896, 37.18279291090957], [127.09563136242711, 37.1826414771642], [127.0956461819678, 37.18255945207802], [127.09565775021287, 37.18251635481068], [127.09567084477925, 37.18242369873333], [127.09570244288362, 37.18220503451231], [127.09572615715435, 37.18198576383172], [127.09573110151183, 37.18191375721281], [127.09587203128557, 37.181927782496764], [127.09624287739545, 37.181964663797714], [127.09630836275808, 37.181505888244274], [127.09635954437563, 37.18104606984441], [127.09642904123395, 37.180815526263174], [127.09644497725928, 37.18076277518955], [127.09646477014111, 37.18068749483622], [127.09647378106494, 37.18065314869616], [127.09648589616991, 37.18060671702057], [127.09652037096862, 37.180475541921915], [127.09658496392281, 37.180187614442204], [127.09663884552866, 37.179898352952364], [127.09666862665246, 37.179697530583404], [127.09667276986201, 37.179669946188646], [127.09667618643205, 37.17964660631151], [127.0966819147837, 37.17960793775737], [127.09671427339556, 37.17931655800707], [127.09672073311324, 37.17925950748874], [127.09672445240216, 37.1792261657361], [127.09677910564876, 37.17920262248391], [127.09687669210793, 37.17915762675706], [127.09696483086127, 37.179112845801626], [127.09697180815344, 37.179109317084254], [127.0970571171348, 37.17906200639556], [127.09706430780652, 37.1790580269768], [127.09707622393225, 37.179050790964375], [127.09709959494798, 37.179036688737554], [127.09715410088407, 37.17900368442969], [127.09716286590294, 37.17899799174349], [127.09721309289746, 37.17896517107188], [127.09722770863642, 37.17895559013967], [127.09724118771085, 37.17894655075258], [127.09732544453958, 37.17888672516668], [127.09740654490724, 37.178824289036434], [127.09748447755243, 37.178759242377375], [127.09755913010703, 37.17869177450676], [127.09758394066965, 37.178667489177116], [127.097606951535, 37.17864481817721], [127.09762307899435, 37.178619737948196], [127.09767741893937, 37.1785716860344], [127.09769784092597, 37.178549927175816], [127.09776178681862, 37.17847572802854], [127.09782189015705, 37.17839954966399], [127.09787816233474, 37.178321491193934], [127.09793047970904, 37.17824172392348], [127.0979732576558, 37.178169641322555], [127.09797874106863, 37.17816034705537], [127.09802373511899, 37.17807771136086], [127.0980639976476, 37.1779935567327], [127.09806935156142, 37.17797985644255], [127.09809782796277, 37.1779076142477], [127.09812401406397, 37.17782312867178], [127.09812489998397, 37.177820244596205], [127.09814532656902, 37.17773162790034], [127.09815899570783, 37.1776422147788], [127.09815963688689, 37.17763284335754], [127.0981656712953, 37.17755227574082], [127.09816557711177, 37.17752254123597], [127.09816548894256, 37.17746217109613], [127.09815853921786, 37.17737226118997], [127.09814461979917, 37.17728281650052], [127.09812394523517, 37.17719428737443], [127.09809651589292, 37.17710694412224], [127.09808288119528, 37.177073003746514], [127.098061994437, 37.17702114743339], [127.09802073053866, 37.176937347541006], [127.0979729383958, 37.176855724473285], [127.0979187313172, 37.17677681875909], [127.09785845850669, 37.176700720210555], [127.09782760650306, 37.17666663161233], [127.09779234564272, 37.17662778905444], [127.097720607014, 37.17655828641098], [127.0976624728067, 37.17648119487043], [127.0976016556762, 37.176410584011826], [127.09759861080275, 37.176406991299004], [127.09753882945003, 37.176345038639695], [127.09726966284873, 37.17619585367335], [127.09720659420489, 37.1761609349449], [127.09691841400172, 37.17601485512407], [127.09685986765051, 37.17598515864806], [127.09676658348239, 37.17593787458074], [127.09671065439315, 37.1759119513185], [127.09667849382852, 37.17589327139143], [127.0966327025088, 37.17587003408392], [127.09659466462733, 37.17584281691481], [127.09658969429125, 37.17583921671019], [127.09656193342687, 37.17581801028596], [127.09650830528884, 37.175777037576765], [127.09642949222037, 37.1757126037028], [127.09635349187995, 37.17564617620782], [127.09631181352437, 37.175607068023744], [127.0962804055078, 37.17557767392184], [127.09621014312077, 37.17550717801649], [127.09615724993886, 37.17545025600445], [127.09614300898072, 37.17543487747384], [127.09607892425024, 37.175360763351534], [127.09601809173341, 37.175284934608115], [127.09596041029543, 37.17520756252823], [127.09594309441844, 37.17518237400772], [127.09590609388628, 37.17512865595651], [127.09585516513123, 37.175048304984344], [127.09580771420512, 37.17496659063865], [127.09580182259135, 37.17495551243228], [127.09578165323896, 37.17491744116622], [127.09576362872093, 37.1748836932226], [127.09570897400852, 37.17476775373708], [127.09558843117749, 37.17451165441049], [127.0955472269739, 37.17440911176401], [127.09533354881235, 37.173876599305636], [127.09523000918219, 37.17361875609724], [127.09521198175867, 37.173582205803214], [127.09519520734094, 37.17354818646206], [127.09494771098494, 37.173044569557156], [127.09466593601658, 37.17247119281866], [127.09461735576666, 37.172366042568804], [127.09461079639557, 37.17235186521507], [127.09424645551209, 37.17156399449428], [127.0941934963781, 37.17144961172939], [127.09410832777938, 37.17129268856093], [127.09378940548515, 37.17057755851886], [127.09362219743029, 37.17020393345882], [127.0935273432325, 37.1700057403065], [127.09351363945554, 37.16997708857416], [127.09350669729292, 37.16996259608334], [127.09349430296295, 37.169936691531824], [127.0934926766824, 37.16993263807306], [127.09339227386823, 37.16971718500791], [127.09335393639746, 37.16963428216135], [127.09330962717566, 37.1695384899135], [127.09327401051921, 37.16946146878203], [127.09297737350524, 37.168820042918966], [127.09262705322949, 37.16806253929148], [127.09252237502137, 37.167836158975426], [127.09239919585049, 37.16756983120372], [127.0921797172742, 37.16709520930002], [127.09209454775004, 37.16691104583454], [127.09205720673015, 37.1668305025157], [127.09198655475744, 37.166678107891485], [127.09196076161672, 37.166622478755166], [127.09194647102144, 37.16659168277418], [127.09168546026072, 37.16602868957108], [127.09167763793901, 37.16601194500837], [127.09159168119177, 37.16582648423356], [127.09156000770857, 37.16575817269044], [127.09152324349073, 37.165678863186876], [127.09124921322366, 37.165087820127106], [127.09111977923354, 37.1648086466605], [127.09048226279405, 37.163433611043445], [127.09048060358793, 37.16343002610953], [127.09046928266282, 37.1634056071386], [127.08972142926592, 37.16179247521241], [127.08972043606636, 37.16179034947273], [127.08971162123942, 37.16177132584893], [127.08970515405241, 37.16175739141214], [127.0895899862804, 37.16150896735531], [127.08955965947989, 37.161443537586074], [127.08951653391671, 37.16135051813752], [127.08945413125919, 37.16121591147719], [127.08944020382029, 37.161185853756514], [127.08941813894653, 37.16113827663813], [127.08937777886547, 37.16105120201607], [127.08935691039656, 37.161006182981595], [127.08933153871124, 37.160951453955455], [127.08900171914154, 37.16086321473829], [127.08879883345185, 37.16085121818195], [127.0887705651935, 37.16079328342743], [127.08875706888372, 37.1607658113218], [127.08878146333053, 37.160764126417114], [127.0888195397544, 37.16077513624156], [127.08874644594887, 37.160593592334806], [127.08843370425537, 37.16063064806448], [127.08835102843918, 37.160643809949526], [127.08810113159467, 37.16067309673185], [127.08755540857325, 37.16073557658843], [127.08729616890662, 37.16076667055737], [127.08686278627184, 37.16081618083044], [127.08668583243588, 37.16083775314298], [127.08577156117256, 37.16094184730923], [127.08519960862003, 37.161009651161955], [127.08507623549644, 37.16102460555326], [127.08426766525093, 37.16112050408319], [127.0841987739134, 37.1611285715198], [127.08393949371107, 37.161155945846055], [127.08389713023959, 37.1610117441433], [127.08387000452264, 37.1609243250509], [127.08386750716494, 37.16091574878501], [127.08385534821991, 37.16087411067647], [127.08382020110713, 37.16088527207727], [127.08379544582434, 37.16090733797531], [127.08375374171692, 37.16098688463605], [127.08374767447967, 37.16102930129598], [127.08374153712995, 37.16109014448752], [127.08373695729053, 37.161123396430156], [127.08371551398989, 37.16128262693387], [127.08366485122995, 37.16138592245284], [127.08361194146015, 37.16149363465243], [127.08340351198005, 37.16166587950258], [127.08320618643698, 37.1616955701477], [127.08313566802262, 37.161656873568845], [127.08311100380948, 37.161648871204726], [127.08287337194255, 37.16157199477164], [127.08273783264997, 37.1615814586721], [127.08258618324487, 37.16158084167455], [127.08245975251502, 37.16158038747012], [127.08208687734455, 37.16157883947475], [127.08190316006534, 37.161595363360995], [127.08145327572397, 37.16159134264533], [127.08129307467503, 37.16159514490883], [127.08106747892623, 37.16161403841643], [127.08060857794324, 37.16170850536372], [127.08046154559311, 37.161709234141824], [127.08034059892947, 37.16167768778212], [127.08019215895517, 37.161623723398314], [127.08001358521491, 37.1614977848581], [127.07986407045847, 37.161383630599], [127.07980404606316, 37.161475307105945], [127.07969220256369, 37.16164622011519], [127.07955366576951, 37.16180678851531], [127.07950913601087, 37.16185844802212], [127.0795047503685, 37.16186340668593], [127.07943649170478, 37.16194058150647], [127.07923606503981, 37.16213245665622], [127.07913078995426, 37.1622331729843], [127.07902780821958, 37.16237497561438], [127.07898519849942, 37.16243330143644], [127.07895283568403, 37.162493422647806], [127.07892176618452, 37.16254118059421], [127.07873590054822, 37.16239663822131], [127.07864608793966, 37.16232572097409], [127.07856024516079, 37.16220596414541], [127.07840024722545, 37.162300570225675], [127.0782201724997, 37.162392503955544], [127.07814175544604, 37.1623900858096], [127.0780708918479, 37.162397916685585], [127.07786542317439, 37.1624282794851], [127.07777524141048, 37.162403774920826], [127.07763123373523, 37.16235714804429], [127.07742201876145, 37.16218766851452], [127.07709167594989, 37.162255179109245], [127.0770856427022, 37.16225641739591], [127.07695822980702, 37.16226568929395], [127.07686835951056, 37.162259583289675], [127.07680353020687, 37.162255885136204]]]}}, {"id": "605", "type": "Feature", "properties": {"EMD_CD": "41597106", "COL_ADM_SE": "41590", "EMD_NM": "\uc601\ucc9c\ub3d9", "SGG_OID": 10358}, "geometry": {"type": "Polygon", "coordinates": [[[127.08425594337976, 37.20982264164284], [127.08432394426117, 37.210082923482084], [127.08428960981327, 37.21001317971768], [127.08434997746026, 37.21020542009936], [127.08443365676229, 37.21046218583601], [127.08457643175082, 37.21075642950491], [127.08456431730106, 37.21074252589646], [127.08455027137249, 37.210734273179895], [127.08461782718253, 37.21091576793034], [127.08464585984757, 37.21091931638982], [127.08461826181538, 37.210962820085584], [127.08479011903711, 37.21116841648857], [127.08493244942728, 37.21134286636054], [127.0852519434471, 37.21172029500086], [127.08571675377827, 37.21228682949951], [127.08605096088077, 37.21269747591228], [127.08669236625029, 37.213485221410025], [127.08688362188408, 37.213719282682945], [127.0868512455949, 37.213741237386266], [127.08701795886248, 37.213929984666315], [127.08711842599412, 37.214046687197815], [127.08717871761117, 37.214122619504515], [127.08739782810201, 37.21439816178273], [127.08742938477742, 37.21443819023018], [127.08769631137496, 37.214763912335364], [127.08778309238554, 37.21494998647653], [127.08798151303914, 37.215868598478465], [127.08806325477057, 37.21623750650542], [127.08807170316875, 37.21627574055703], [127.0881025637952, 37.216415505664465], [127.08799364750975, 37.21659954197536], [127.08807713288954, 37.216600544221755], [127.08820681124006, 37.216602080265574], [127.08829176125973, 37.21660308128872], [127.08831784310952, 37.21658347352422], [127.08855338945045, 37.216406236901975], [127.08880406545732, 37.21622902469941], [127.08882474233982, 37.21624147988188], [127.08886432376407, 37.21632194979584], [127.08886391101703, 37.216335285522526], [127.08890400018659, 37.21650423737446], [127.08892810110736, 37.21660366759724], [127.08895041200783, 37.2166065885266], [127.0891509699341, 37.21661023369382], [127.08916978513746, 37.21661046305258], [127.08920583833951, 37.21661100402271], [127.08921986528323, 37.21661120988716], [127.08921501728457, 37.216579046277296], [127.08953608332817, 37.21655574144199], [127.08955568520977, 37.21655428520632], [127.089640852156, 37.21654809478555], [127.08967093095676, 37.21654590990172], [127.0897113761119, 37.216544798542216], [127.09004020714038, 37.21661059961248], [127.09019893041507, 37.216689141843624], [127.09025304073832, 37.216715952368226], [127.09045558606802, 37.21679031662174], [127.09063361055193, 37.21680261718886], [127.09069152561214, 37.216807259017585], [127.09078369864967, 37.2168186328185], [127.09088362473388, 37.21681234027576], [127.09101600253834, 37.21680971740377], [127.09119005627552, 37.21679868314814], [127.09140640970361, 37.21683023582666], [127.09157437035275, 37.21690624628258], [127.0916374963128, 37.216934581089426], [127.09187768011243, 37.217203269002944], [127.09197406416108, 37.217249599089094], [127.09207631025768, 37.21729871784431], [127.0923893011721, 37.217492112019045], [127.09239042869187, 37.217492831987435], [127.09247701368074, 37.217540971263155], [127.09247790012128, 37.21754734094818], [127.0925044069774, 37.217563287049956], [127.09250440698821, 37.21756329606036], [127.09259555187244, 37.21761812648654], [127.09260648835351, 37.217624695681536], [127.09264065080481, 37.21764524018839], [127.09280463067954, 37.2177343801294], [127.09298388471953, 37.217801756898474], [127.09316907085085, 37.217855081563755], [127.09329904651088, 37.217876975345604], [127.09381552497136, 37.217918418375426], [127.09392722985898, 37.217933865234556], [127.09428418163482, 37.21800952599772], [127.09432962040884, 37.21801906847397], [127.09445546361785, 37.218051605527144], [127.09459272346288, 37.2180960902993], [127.09471306450673, 37.218134307964824], [127.09483860437084, 37.21817639589109], [127.09485720054072, 37.21818140905037], [127.09501483965047, 37.21822377784297], [127.09533786807069, 37.21830705798157], [127.09537753947866, 37.2183172984256], [127.09553836532712, 37.2183578078489], [127.09566075930056, 37.21838816583627], [127.095739295027, 37.21839368984447], [127.09596847981418, 37.21840990626163], [127.0962141154148, 37.2184271903336], [127.09669449597978, 37.21840211674233], [127.09735531676365, 37.21842510106557], [127.09755227148423, 37.218435213409535], [127.09754390575773, 37.21842172258815], [127.09775738445619, 37.21842846030771], [127.09777211141412, 37.21842954761123], [127.09777362128773, 37.21842965450917], [127.09793806281671, 37.21844168481777], [127.09830687007381, 37.21852343285929], [127.09844812632683, 37.218580533486055], [127.09896162076544, 37.21870495145477], [127.09927163100309, 37.2187880783879], [127.09928480620744, 37.21879146444002], [127.09937703263556, 37.218815139732456], [127.09971269610045, 37.218887945405704], [127.10018544553658, 37.218953968298266], [127.1006215409382, 37.21904277127754], [127.10086174547497, 37.2190745119692], [127.10111926546378, 37.219096299125354], [127.10148836021622, 37.21916037659254], [127.1017093227342, 37.21916729008936], [127.10203128507989, 37.219185785992444], [127.1022125110845, 37.219202238253736], [127.1025575193897, 37.21930898816718], [127.1026639267209, 37.219353715149154], [127.10272525446898, 37.21939764259555], [127.102877297946, 37.21944624090023], [127.10297740861142, 37.219466572784796], [127.10307244031176, 37.21948024123272], [127.10324529413403, 37.219520495595795], [127.10341030981232, 37.21953815832986], [127.1034940799455, 37.219555638521776], [127.10372452181727, 37.21963127153757], [127.1039567514559, 37.219737177549376], [127.10401796876911, 37.21974866692746], [127.1041230143279, 37.21976015435521], [127.10415042791374, 37.21976105867628], [127.10415051114146, 37.219772591934294], [127.10433554055483, 37.21979243457497], [127.1046372291246, 37.21984650509294], [127.1047137335614, 37.21984806033469], [127.10484105330406, 37.21985074256236], [127.10539434738361, 37.21983331901828], [127.10556029017224, 37.21981965774354], [127.10583122641899, 37.21979581214914], [127.10623649876368, 37.219797166502055], [127.10645394584348, 37.219794180819655], [127.10671425430355, 37.21974403221234], [127.10689439780944, 37.219733870516556], [127.10705493941045, 37.21972552809759], [127.10743693220243, 37.219677251703445], [127.10760352870803, 37.21964817917373], [127.10802696594612, 37.21958787989754], [127.10829126379925, 37.21957160339369], [127.10849065492765, 37.219548627129264], [127.10874142000262, 37.21944405978318], [127.10900184581735, 37.219399132081556], [127.10921271549678, 37.21936704366574], [127.10941175843055, 37.21933748856463], [127.1097372126797, 37.21930628592485], [127.11000818859623, 37.219312345316105], [127.11018136368035, 37.219315069897064], [127.11034779616259, 37.21932996447982], [127.11047592061517, 37.21934426334655], [127.11049361418857, 37.21934749081753], [127.11059695856547, 37.219366587869885], [127.11075712119012, 37.21940878920641], [127.110976021572, 37.21947679594637], [127.11107465788973, 37.21951229588576], [127.11127135832493, 37.21949922888524], [127.11155887096707, 37.2194095788062], [127.11176461758073, 37.21934180936761], [127.11200975122692, 37.21931941532233], [127.11222174612733, 37.219364449646385], [127.11228597070212, 37.219366912516236], [127.1124805007296, 37.21941088145899], [127.11248230540205, 37.21941223133038], [127.11255911954906, 37.219471537969], [127.11259608098709, 37.21947573820581], [127.11280162970594, 37.219427159334714], [127.11294672900347, 37.219338540649545], [127.11296385072242, 37.21933591152028], [127.11317056415261, 37.219313551217596], [127.11326947122826, 37.21930291575421], [127.11333813878701, 37.219338532185525], [127.1133918092931, 37.219365873162225], [127.11351549971401, 37.21942891926843], [127.11354864925002, 37.219445827496074], [127.11368648818255, 37.219400374655855], [127.11396926016508, 37.21930711905074], [127.11430202196232, 37.21919092872624], [127.11455169307273, 37.21918996988589], [127.1146187516253, 37.219204052220775], [127.11466079239038, 37.21921446414892], [127.11468964212602, 37.21921894179357], [127.11486583114029, 37.219202914984685], [127.11505616424657, 37.219152184261404], [127.11521500217472, 37.21913617356454], [127.11551067358452, 37.219231309655875], [127.11570128537107, 37.21929095520063], [127.11587548037218, 37.21944675740486], [127.115934071596, 37.21952373985656], [127.11601043661052, 37.219656749869955], [127.11604940987506, 37.2197245606023], [127.11610815894956, 37.219756670953565], [127.11630297953252, 37.21976720469972], [127.11630534571395, 37.21976729251069], [127.11634140341887, 37.21976969037154], [127.11654573285246, 37.21980958844649], [127.11678695788937, 37.219884050252936], [127.11689224245069, 37.21991791699862], [127.11695298588486, 37.219927589058656], [127.11702511248116, 37.21993959269425], [127.11718086142893, 37.21996584121133], [127.11731027193852, 37.22000914495576], [127.11759083305576, 37.22001860158356], [127.1176707094199, 37.220014558696114], [127.11770022653032, 37.2200130880797], [127.11783564656353, 37.22000754891782], [127.11783571643859, 37.22000169208092], [127.11784339737858, 37.219405375393634], [127.11785693128753, 37.219245562412944], [127.11786195520507, 37.21918616984], [127.11788799349758, 37.21887858278191], [127.11789264234037, 37.21882442562334], [127.11789300747081, 37.218820082244804], [127.11789556378451, 37.218789939896425], [127.11790193779136, 37.21871466964003], [127.11791522224793, 37.218627309625155], [127.11791576883422, 37.21862374096374], [127.11792737004323, 37.21854813218146], [127.11792864219295, 37.21854015671393], [127.11796095968347, 37.218337886179654], [127.11805806754487, 37.21796457926065], [127.11813355802234, 37.21767445966728], [127.11816328637434, 37.21759126425152], [127.11817426710432, 37.2175519680215], [127.1181761188561, 37.21754727177073], [127.11835386180547, 37.21709537735033], [127.11843238543233, 37.21689575516639], [127.11838018750785, 37.216800566565254], [127.11838090994081, 37.21668460177712], [127.11849745442126, 37.21642480648712], [127.11853189497432, 37.21632944224318], [127.11855824648714, 37.21629990708732], [127.11880452185736, 37.21573455704599], [127.11880836895294, 37.21551965473526], [127.11896676184804, 37.21536007642843], [127.11918211577932, 37.2152510889055], [127.11926408483188, 37.215176022735136], [127.11946643009675, 37.21499047707269], [127.11964141473246, 37.214591906951114], [127.11988564050475, 37.214396353257], [127.12000055730117, 37.21430435909746], [127.12026907271084, 37.21418188185493], [127.12091581583996, 37.213583480308316], [127.12111023368585, 37.21320574746808], [127.12151341087032, 37.212831046738934], [127.1216028234105, 37.212735715950046], [127.12185760545206, 37.212419551920746], [127.12223471472174, 37.21195143706992], [127.12229555889414, 37.21181585825761], [127.12241088851596, 37.211725636357215], [127.12261407653423, 37.211598652125424], [127.12287001375918, 37.211242063912856], [127.12305314427805, 37.21098699823976], [127.12304580035413, 37.21088943186972], [127.12310206678242, 37.21082304838109], [127.12314192062108, 37.21068736450731], [127.1231861628584, 37.21059065521562], [127.12344918996266, 37.2101422511691], [127.12371413656469, 37.21008970865732], [127.12392209399971, 37.20994145262221], [127.1239239217771, 37.20994317172511], [127.12406416466874, 37.21007520969077], [127.1241147620451, 37.2100151478875], [127.12417761487374, 37.20994038637515], [127.12424058023257, 37.20986562471198], [127.12430354546724, 37.209790863014646], [127.1243666235238, 37.20971628137451], [127.12442947585656, 37.209641519725565], [127.12449244071907, 37.20956675792565], [127.12455551825724, 37.20949208607862], [127.12461848287148, 37.209417324210214], [127.12468133470831, 37.20934256242475], [127.12474429922092, 37.20926789059216], [127.1247552055792, 37.209254967301774], [127.1247919385929, 37.20921142673042], [127.12480737611604, 37.20919312850402], [127.12487022787433, 37.20911854682443], [127.12493319186831, 37.209043784785116], [127.12499604308546, 37.20896902282904], [127.12505923228345, 37.20889435059057], [127.1251220832526, 37.208819588566215], [127.12514386189739, 37.20879373293816], [127.1251850467502, 37.20874482639014], [127.12524789776569, 37.208670244505825], [127.12531097366751, 37.2085954821437], [127.12537393679297, 37.20852071986505], [127.12543678728973, 37.20844604777421], [127.12549975016715, 37.20837128542724], [127.12556271292046, 37.208296523046116], [127.12562567569722, 37.20822185073488], [127.12565903468892, 37.20818229603291], [127.12568552395673, 37.208150875930514], [127.12568863835006, 37.20814717838951], [127.12575160073118, 37.20807241590579], [127.12580432033336, 37.20800978316404], [127.12581445048475, 37.20799774361023], [127.12587752526903, 37.20792298093992], [127.12594048727796, 37.20784821835362], [127.12600344931076, 37.207773545837306], [127.12604237305207, 37.20772724537426], [127.12606629842071, 37.20769878330108], [127.12612937270825, 37.20762402049378], [127.12581636730557, 37.20724329821158], [127.12529100904194, 37.20664879938003], [127.12525291950834, 37.20660571524252], [127.12546378270449, 37.20667141512102], [127.12557986101153, 37.20680477415239], [127.12590366465592, 37.207026469651886], [127.1260029644659, 37.20697774504961], [127.12604422215995, 37.20691240308437], [127.12616546638306, 37.206726985038216], [127.12636766386781, 37.206441465765764], [127.12644051645773, 37.20638140650831], [127.12652687938264, 37.206310015845], [127.12711988564195, 37.2060107287418], [127.12756631517368, 37.20553871152261], [127.12766668597439, 37.20541785585078], [127.12785181375928, 37.205277546306945], [127.12801396341914, 37.20519278330805], [127.12801396074663, 37.205157435376194], [127.12801397407175, 37.205043930916595], [127.12809810271895, 37.20497876769027], [127.12820222273615, 37.20489814815077], [127.12831515967133, 37.20473487537069], [127.12850304138175, 37.20463981225365], [127.12860564309331, 37.204453681783356], [127.12865070561709, 37.20438893850228], [127.12868036156974, 37.204406837438384], [127.12871103225713, 37.20442527590356], [127.12876901920112, 37.204409895886876], [127.12878396585666, 37.20438888551493], [127.12883914390956, 37.204310795848706], [127.12889375816638, 37.20423243644902], [127.1289479215768, 37.2041539874038], [127.12900140824496, 37.20407508853935], [127.12905455686602, 37.20399619001373], [127.12910714154398, 37.20391693165326], [127.12915904993824, 37.203837493788406], [127.12917674549266, 37.20381013705576], [127.1292106198336, 37.203757785951616], [127.12926162624471, 37.203677988594656], [127.12927395042595, 37.203658422656346], [127.12931206886927, 37.20359792150985], [127.12936194770856, 37.20351758469784], [127.12937194564306, 37.20350131006885], [127.12941137571235, 37.20343715824623], [127.12944374948648, 37.203383583272945], [127.12946023962925, 37.20335628186037], [127.12950854037302, 37.20327549616612], [127.12953028611688, 37.20323865602211], [127.12953709288958, 37.203227124316925], [127.12955638998099, 37.20319444062568], [127.12955927654785, 37.203189472754694], [127.12960367565782, 37.20311302525711], [127.12965028521774, 37.20303152049557], [127.12965122860832, 37.203029852544184], [127.1296527560105, 37.203027156771206], [127.12968689778424, 37.20296682198728], [127.12969389460137, 37.20295446110671], [127.12969655628926, 37.20294974576776], [127.12971765816417, 37.20291195117771], [127.12974226389058, 37.20286788152632], [127.12977438101778, 37.202809369015625], [127.1297872952274, 37.2027858377897], [127.12979413388372, 37.20277322478184], [127.12983187558841, 37.202703614314586], [127.12985785897416, 37.20265498386377], [127.12987600466951, 37.20262103089311], [127.12991945764325, 37.20253835808255], [127.12994983950163, 37.20247967620377], [127.12996234700198, 37.20245550565731], [127.13000489818579, 37.202372563477844], [127.13004666047173, 37.20228944192917], [127.13007091957981, 37.202240479912966], [127.1300795185608, 37.20222310746553], [127.13008797163728, 37.20220605054113], [127.13009777134694, 37.20218600068871], [127.13012883168348, 37.202122389314134], [127.13015240358165, 37.20207343703645], [127.13016176554214, 37.20205432473932], [127.13016935386544, 37.20203881854326], [127.13020897436124, 37.2019549784238], [127.13024814374195, 37.20187086846696], [127.1302866368778, 37.20178657902233], [127.13030799229486, 37.20173926000989], [127.1303246793607, 37.20170229005407], [127.13036215824405, 37.201617821476646], [127.13038934495407, 37.20155521439983], [127.13039708694221, 37.20153739233773], [127.13039896073474, 37.20153308330889], [127.13043531242407, 37.20144825551471], [127.13047098803072, 37.2013633383398], [127.13050632517393, 37.20127815120831], [127.13045145018233, 37.20126721820882], [127.13043000722892, 37.201262934554535], [127.13035427520192, 37.20124780731872], [127.1300332961451, 37.20118369527764], [127.12978923500448, 37.201202971825815], [127.12928279928522, 37.20124296681632], [127.12924208483082, 37.201246182395636], [127.12919344146285, 37.20125001921665], [127.12896312136567, 37.20126882873071], [127.12837228239701, 37.201315506244285], [127.12721223957372, 37.20141495657806], [127.126777053797, 37.20145227023054], [127.12564730322696, 37.20154915028469], [127.12327437820146, 37.20175254577395], [127.12312098061773, 37.20176567837173], [127.12081618143186, 37.201963187994345], [127.12092486086307, 37.20266517194813], [127.12093385096624, 37.20272310000852], [127.12096503248424, 37.202924361773775], [127.1199481528237, 37.203113160295395], [127.11837793213986, 37.2034310761978], [127.11773142222147, 37.20355055988903], [127.11732462476435, 37.20360015526523], [127.11692401428031, 37.20364451716324], [127.1168013663957, 37.203659323599844], [127.11663760499829, 37.20367543133226], [127.1164777788592, 37.20368675948732], [127.11633631201842, 37.20369689827628], [127.11597553348987, 37.203712565160465], [127.11526530984911, 37.20371505134973], [127.11466791307802, 37.203688411954815], [127.11374770991412, 37.20360855381511], [127.11350357549968, 37.203586348868235], [127.11290512588518, 37.20353203953227], [127.11121860880485, 37.20337737235277], [127.11039905072087, 37.203329652318736], [127.10960311135676, 37.20333452602971], [127.10946028043819, 37.20333618804082], [127.10931429841693, 37.20333992514818], [127.1089826850266, 37.20334851605202], [127.10845750619977, 37.2034071987599], [127.10797537476311, 37.20347863528444], [127.10764991987435, 37.20354182018245], [127.10712965445605, 37.20365221251934], [127.10546379443775, 37.204015184796575], [127.10442634049377, 37.204189721754354], [127.10067426005529, 37.20465029173539], [127.09958538353887, 37.20471003635346], [127.09912826760178, 37.20471311703908], [127.09879697682946, 37.20471537186223], [127.09849181990687, 37.20471751426307], [127.09849173668485, 37.20471409937536], [127.09797358934877, 37.20471765805412], [127.09791594858352, 37.2047180563825], [127.09788800120525, 37.20471825032072], [127.09784199673066, 37.20471856706232], [127.09756056045575, 37.204718588341315], [127.09719092187862, 37.204718608139146], [127.0966302909852, 37.204718645135344], [127.09652685886509, 37.20471864704543], [127.0965224205929, 37.20471865060512], [127.09606195505346, 37.204718676617965], [127.09603771350334, 37.20471867794266], [127.0959096117751, 37.204718680975134], [127.09544961935669, 37.204718713241384], [127.09524302547439, 37.204718723706186], [127.09484782736577, 37.20471873839304], [127.09473728724751, 37.20471874434083], [127.09467793659323, 37.20472106166262], [127.09452809121701, 37.204718746596214], [127.09428098961311, 37.20471876015141], [127.09422738108391, 37.204718757068164], [127.09400382262137, 37.20471876963771], [127.09379507719603, 37.20471878826782], [127.0935525152322, 37.20471878775664], [127.09350221852071, 37.2047187907825], [127.09349701424091, 37.204718785813235], [127.09327350083387, 37.204718796969644], [127.09308163371782, 37.204721999972996], [127.09303398424049, 37.204722036795516], [127.0927692647035, 37.20472206080754], [127.092662363048, 37.20472205300593], [127.09250353123828, 37.20472199490246], [127.09243211334439, 37.20472204973705], [127.09217009732096, 37.20472207033526], [127.09194638100612, 37.20472197101788], [127.09190323738824, 37.20472200394577], [127.09180388304827, 37.204721989610405], [127.09162184616042, 37.204722038113744], [127.09141051850388, 37.20471985595951], [127.09126374254147, 37.20472203965391], [127.09108339524289, 37.204721995945405], [127.09094033405003, 37.20472201392509], [127.09065353578391, 37.20472204987487], [127.09051464251127, 37.20472206420414], [127.0904779196379, 37.204722001684395], [127.0901338969334, 37.20472207933809], [127.08960434507863, 37.204722023789664], [127.08955354149398, 37.204722061557774], [127.08928949781942, 37.20472207729201], [127.0879622952397, 37.20472206212834], [127.08761849770875, 37.20472204220885], [127.08727717839983, 37.20472201949755], [127.08708894593593, 37.20472206552115], [127.08708821027453, 37.20471900250356], [127.08696392729455, 37.20471903815651], [127.08695680800321, 37.20471901626042], [127.08643760687703, 37.20471761455626], [127.0860063459493, 37.20471348980587], [127.08597491755823, 37.204713503207834], [127.08597287865608, 37.20471350466153], [127.08587961854606, 37.20471352606482], [127.08587654328579, 37.20471351924451], [127.08582767720215, 37.20471353601413], [127.08586222588922, 37.204804606951136], [127.08586699380838, 37.204817389368046], [127.08594509379553, 37.20511241656484], [127.08596344069616, 37.20560480587304], [127.08596388163126, 37.20580844143323], [127.08595558383786, 37.205933701428684], [127.08594974397224, 37.20601039341665], [127.08589435225751, 37.20630163216475], [127.08585048899965, 37.20646562630344], [127.08581262103408, 37.20658125714743], [127.08578905591143, 37.20665318620094], [127.08569987469511, 37.20686920271762], [127.08567567943386, 37.206921651632335], [127.0855712529071, 37.20714503138795], [127.0855607801245, 37.20716867318928], [127.08551782623971, 37.207249671423575], [127.08510656803105, 37.20792899767759], [127.08490818811134, 37.208266082659236], [127.08484354987907, 37.2084108086697], [127.08479758201247, 37.20846703005666], [127.08458883327948, 37.20886396004407], [127.08435314848298, 37.20938596425674], [127.08425594337976, 37.20982264164284]]]}}, {"id": "617", "type": "Feature", "properties": {"EMD_CD": "41597112", "COL_ADM_SE": "41590", "EMD_NM": "\uc1a1\ub3d9", "SGG_OID": 10353}, "geometry": {"type": "Polygon", "coordinates": [[[127.09111977923354, 37.1648086466605], [127.09124921322366, 37.165087820127106], [127.09152324349073, 37.165678863186876], [127.09156000770857, 37.16575817269044], [127.09159168119177, 37.16582648423356], [127.09167763793901, 37.16601194500837], [127.09168546026072, 37.16602868957108], [127.09194647102144, 37.16659168277418], [127.09196076161672, 37.166622478755166], [127.09198655475744, 37.166678107891485], [127.09205720673015, 37.1668305025157], [127.09209454775004, 37.16691104583454], [127.0921797172742, 37.16709520930002], [127.09239919585049, 37.16756983120372], [127.09252237502137, 37.167836158975426], [127.09262705322949, 37.16806253929148], [127.09297737350524, 37.168820042918966], [127.09327401051921, 37.16946146878203], [127.09330962717566, 37.1695384899135], [127.09335393639746, 37.16963428216135], [127.09339227386823, 37.16971718500791], [127.0934926766824, 37.16993263807306], [127.09349430296295, 37.169936691531824], [127.09350669729292, 37.16996259608334], [127.09351363945554, 37.16997708857416], [127.0935273432325, 37.1700057403065], [127.09362219743029, 37.17020393345882], [127.09378940548515, 37.17057755851886], [127.09410832777938, 37.17129268856093], [127.0941934963781, 37.17144961172939], [127.09424645551209, 37.17156399449428], [127.09461079639557, 37.17235186521507], [127.09461735576666, 37.172366042568804], [127.09466593601658, 37.17247119281866], [127.09494771098494, 37.173044569557156], [127.09519520734094, 37.17354818646206], [127.09521198175867, 37.173582205803214], [127.09523000918219, 37.17361875609724], [127.09533354881235, 37.173876599305636], [127.0955472269739, 37.17440911176401], [127.09558843117749, 37.17451165441049], [127.09570897400852, 37.17476775373708], [127.09576362872093, 37.1748836932226], [127.09578165323896, 37.17491744116622], [127.09580182259135, 37.17495551243228], [127.09580771420512, 37.17496659063865], [127.09585516513123, 37.175048304984344], [127.09590609388628, 37.17512865595651], [127.09594309441844, 37.17518237400772], [127.09596041029543, 37.17520756252823], [127.09601809173341, 37.175284934608115], [127.09607892425024, 37.175360763351534], [127.09614300898072, 37.17543487747384], [127.09615724993886, 37.17545025600445], [127.09621014312077, 37.17550717801649], [127.0962804055078, 37.17557767392184], [127.09631181352437, 37.175607068023744], [127.09635349187995, 37.17564617620782], [127.09642949222037, 37.1757126037028], [127.09650830528884, 37.175777037576765], [127.09656193342687, 37.17581801028596], [127.09658969429125, 37.17583921671019], [127.09659466462733, 37.17584281691481], [127.0966327025088, 37.17587003408392], [127.09667849382852, 37.17589327139143], [127.09671065439315, 37.1759119513185], [127.09676658348239, 37.17593787458074], [127.09685986765051, 37.17598515864806], [127.09691841400172, 37.17601485512407], [127.09720659420489, 37.1761609349449], [127.09726966284873, 37.17619585367335], [127.09753882945003, 37.176345038639695], [127.09759861080275, 37.176406991299004], [127.0976016556762, 37.176410584011826], [127.0976624728067, 37.17648119487043], [127.097720607014, 37.17655828641098], [127.09779234564272, 37.17662778905444], [127.09782760650306, 37.17666663161233], [127.09785845850669, 37.176700720210555], [127.0979187313172, 37.17677681875909], [127.0979729383958, 37.176855724473285], [127.09802073053866, 37.176937347541006], [127.098061994437, 37.17702114743339], [127.09808288119528, 37.177073003746514], [127.09809651589292, 37.17710694412224], [127.09812394523517, 37.17719428737443], [127.09814461979917, 37.17728281650052], [127.09815853921786, 37.17737226118997], [127.09816548894256, 37.17746217109613], [127.09816557711177, 37.17752254123597], [127.0981656712953, 37.17755227574082], [127.09815963688689, 37.17763284335754], [127.09815899570783, 37.1776422147788], [127.098155064724, 37.177667933892394], [127.09823258327316, 37.17766814996777], [127.09865305735886, 37.1776694278944], [127.09929131301541, 37.17767124565673], [127.09939434826735, 37.1776715210076], [127.09985772562567, 37.177672939420965], [127.10000467758168, 37.17767335799315], [127.1000970151197, 37.17767355151984], [127.10014397219165, 37.1776736926524], [127.10057739605257, 37.17767495297103], [127.1006743505701, 37.17767523229256], [127.10073054595803, 37.17767887954793], [127.10134565532358, 37.17771909026402], [127.10176233539156, 37.17774631053314], [127.10197236475238, 37.1777600087907], [127.10200130711561, 37.17776187644997], [127.10237417066735, 37.17777931029639], [127.10335838776972, 37.17788956763858], [127.10352170991399, 37.17792105392786], [127.10374381436189, 37.1779535705485], [127.1038095898126, 37.17796324509802], [127.1040071406264, 37.177991637599874], [127.10416639734188, 37.17801420614288], [127.10428037777622, 37.178030596518276], [127.10433838263359, 37.17803964677976], [127.10444131703363, 37.17804820746936], [127.10444535951163, 37.178039824213194], [127.10463389893062, 37.177651578978896], [127.10469487368118, 37.17752619013916], [127.10472868218382, 37.177462997237356], [127.1050863184614, 37.1767200414522], [127.10533919235284, 37.17619928469518], [127.1058247396938, 37.17521482356797], [127.10588412479602, 37.175082677604344], [127.10635734497548, 37.174069661739814], [127.10650191585667, 37.17365631292628], [127.10656121361666, 37.173462805265174], [127.10659438513593, 37.17334861300879], [127.10661982361985, 37.17326073821732], [127.10669661841298, 37.17277455437771], [127.10670684112125, 37.172676150795546], [127.10674306716372, 37.172329124800534], [127.1067530681806, 37.172233334445046], [127.1067494166766, 37.17130534757946], [127.10674279923263, 37.169781139071276], [127.10674177471111, 37.169529476974475], [127.10673560262121, 37.16808257764183], [127.10672903315238, 37.16651124336318], [127.10672485411199, 37.16568948982056], [127.10656328933308, 37.1656894529407], [127.10639575723751, 37.165689331017106], [127.10551047193688, 37.16568884975553], [127.10523632183134, 37.16569125254414], [127.10507205688688, 37.16569265767418], [127.10496960242745, 37.16569355810679], [127.10483066964767, 37.16569476057445], [127.10437559154121, 37.165698670548], [127.10377314006844, 37.16570649044488], [127.10338300922453, 37.16569826647948], [127.10312896796427, 37.165667488476345], [127.10300622830336, 37.16565398780854], [127.10288493572861, 37.1656280512896], [127.10254842538049, 37.165556164585546], [127.10210250341092, 37.16541715153379], [127.10201633853022, 37.16539082388243], [127.1016956726091, 37.165294412760524], [127.10131880402675, 37.16518119848488], [127.10095500168823, 37.16507175645364], [127.10074843940922, 37.165013361367386], [127.10029535443992, 37.16490209983275], [127.09990022144542, 37.164853141114655], [127.09982602337683, 37.16485085996307], [127.09975419116198, 37.164849748168585], [127.0982494508198, 37.16484233595985], [127.09673379304107, 37.16483752646338], [127.09597685991623, 37.16483110406033], [127.09378758483436, 37.164820304367765], [127.09341930934181, 37.16481851813873], [127.09288935734611, 37.16481586438481], [127.09195825425165, 37.16481126247986], [127.09120200151237, 37.164808413260914], [127.09111977923354, 37.1648086466605]]]}}, {"id": "619", "type": "Feature", "properties": {"EMD_CD": "41597110", "COL_ADM_SE": "41590", "EMD_NM": "\uc0b0\ucc99\ub3d9", "SGG_OID": 10352}, "geometry": {"type": "Polygon", "coordinates": [[[127.10444131703363, 37.17804820746936], [127.1044455967058, 37.17804865427565], [127.10477888002039, 37.17810684229025], [127.10521950458568, 37.17818412778585], [127.10584633426977, 37.17830819242072], [127.1068481766181, 37.17853310861532], [127.1074136891501, 37.178691999882254], [127.10780841462608, 37.17879706902095], [127.10879359543807, 37.17909613990604], [127.1097654398622, 37.17943468064798], [127.11040147251978, 37.179681705727845], [127.11067819712285, 37.179790027329254], [127.1110422675376, 37.179948546022885], [127.11148251169813, 37.18014006136209], [127.11157705131608, 37.18018124155545], [127.11159350270613, 37.180188344547496], [127.11176562906748, 37.18007330096532], [127.11183717607273, 37.180023136133066], [127.11187430623099, 37.18000174673158], [127.11193799035611, 37.17996528508244], [127.11203160337831, 37.17991149537612], [127.1120425185019, 37.17990598880536], [127.11217710086744, 37.17983819452411], [127.11221716394476, 37.1798204064653], [127.11235479646047, 37.17975945709258], [127.1125011096884, 37.17970534738972], [127.11262063623008, 37.1796611741489], [127.1127141743494, 37.17963369455844], [127.11279116586084, 37.179611005986345], [127.11284688359075, 37.179594734792154], [127.11300155702615, 37.179559538612516], [127.11328244140535, 37.179508184601055], [127.11354421036071, 37.1794761304153], [127.11374756306583, 37.17946305299525], [127.1138150159496, 37.17946307918965], [127.11401658647172, 37.179463248395486], [127.11417762433551, 37.17946787093775], [127.11424080825903, 37.17947474890979], [127.11447169443483, 37.17949993856885], [127.11453589202645, 37.17950690552192], [127.11500832323337, 37.179606109804396], [127.11629831215917, 37.17986202612665], [127.11697128374992, 37.17987263538347], [127.11793482875062, 37.179762665843924], [127.11862366959961, 37.179695129311426], [127.11964525192136, 37.17968843863022], [127.12014887852297, 37.179640270050726], [127.1204812270317, 37.17959290215491], [127.12132473191963, 37.179417879783166], [127.1217836877188, 37.17932253452815], [127.12183321939492, 37.17931230240616], [127.12209587743284, 37.179275542981685], [127.12234225361316, 37.179268083622134], [127.12256627368592, 37.17929389524345], [127.12292866937639, 37.17937705155971], [127.12296585349416, 37.17939152031623], [127.12339009120656, 37.17955642692211], [127.1239438002487, 37.17977165695204], [127.123998563162, 37.1797931353883], [127.1241196949898, 37.17984049530818], [127.12426729142538, 37.179818987671105], [127.12448097400468, 37.17978786018368], [127.12603651353407, 37.179552233664204], [127.12615517412391, 37.179534268165526], [127.12611854126048, 37.1794444722677], [127.12576459626916, 37.17854163394569], [127.12563455469623, 37.17820991441142], [127.12526377290949, 37.17726411205268], [127.1249906181963, 37.17658879136206], [127.12479250143997, 37.17600674048571], [127.1247350245017, 37.17583794388034], [127.12452586050124, 37.175107050825254], [127.12438155571728, 37.174652261341805], [127.12423269932484, 37.174097369900316], [127.12414626435653, 37.17377542472974], [127.12414581002291, 37.173772992369535], [127.124065821542, 37.17338443495599], [127.1240471864418, 37.17329391688722], [127.1239591460962, 37.172813388670114], [127.1239314035896, 37.17264010066168], [127.12388202702107, 37.172331677707085], [127.1238153789122, 37.17184896469374], [127.12381282103179, 37.17182681955908], [127.12375953950831, 37.171365339404154], [127.12369889132378, 37.17078279286361], [127.1236956435036, 37.1707516829985], [127.12367879750316, 37.170589808932405], [127.12365598192896, 37.17037067935995], [127.1236352249975, 37.170171307654776], [127.12362092905076, 37.17003362409873], [127.12361696037884, 37.169995324600166], [127.12360924058687, 37.16992096898951], [127.12358813988878, 37.16971772310449], [127.1235847775373, 37.16968535188013], [127.12355208021883, 37.169370360821844], [127.12354210849561, 37.169330905145245], [127.12354169644966, 37.169326733712765], [127.12350130926337, 37.16891363530913], [127.12347182052467, 37.168612030473476], [127.12346275410555, 37.16851926778816], [127.12345453482075, 37.16843517232153], [127.12368902130979, 37.168379777584434], [127.1237203776826, 37.16837236565997], [127.12380505517943, 37.16837723407634], [127.12387993656274, 37.16838175212836], [127.12408926775318, 37.168395051525934], [127.12411469721106, 37.16824545106344], [127.12425036319478, 37.168101322973875], [127.1243532443058, 37.16815347722483], [127.12449232021113, 37.16823803159916], [127.1246796185671, 37.16841200987695], [127.12476434152968, 37.16844481008303], [127.12495519082682, 37.168516875573], [127.1251465318193, 37.16854496904592], [127.12561839367321, 37.16881127644917], [127.12570634815236, 37.16896057823451], [127.12577827351215, 37.16915350753147], [127.12586476262224, 37.16930136904825], [127.1259137258141, 37.169360786890145], [127.12604695735858, 37.169517970099385], [127.12608770056806, 37.16957685587566], [127.12614665203799, 37.16975330937081], [127.12623853134984, 37.16975456427579], [127.1262480551891, 37.16979465092723], [127.12634765323152, 37.169833741675895], [127.12643265841868, 37.1698997890858], [127.12657886018947, 37.17000064245459], [127.12645280186122, 37.17057699614352], [127.12638420291444, 37.171038946030485], [127.12695270932586, 37.17097464145864], [127.12759270273676, 37.17083610181357], [127.12776106834973, 37.17038287524919], [127.12790061051007, 37.169998969813555], [127.12773826603352, 37.16906178166017], [127.12796329903188, 37.16896918422871], [127.12862660853261, 37.16878015534047], [127.12908958355939, 37.168641256694], [127.1298026577834, 37.16885448602541], [127.12987519122504, 37.168868283634865], [127.13015350650987, 37.168859151559964], [127.13032326750698, 37.16870894249678], [127.13051532750814, 37.16842994900554], [127.1307738948134, 37.16826360390721], [127.13184128694868, 37.16814160414388], [127.13215253171155, 37.16809927254954], [127.13238694695517, 37.16822885507198], [127.13242029258114, 37.16823945062022], [127.13254667848287, 37.16781608817624], [127.1328149844662, 37.167425456704265], [127.1331736782538, 37.16702346109894], [127.13333792517831, 37.16649174953063], [127.13354070297467, 37.16629960028068], [127.133823602485, 37.166148629313085], [127.13376117892224, 37.16586198507186], [127.13381542041108, 37.16533012513589], [127.13389197156592, 37.16500232793627], [127.1338109609069, 37.16490321284417], [127.1335649293521, 37.164693002064226], [127.13334790349829, 37.16458764067809], [127.13321910377148, 37.164522638002815], [127.13301231656898, 37.16447781515532], [127.13271537799514, 37.16445057215127], [127.1324713341192, 37.16421521759448], [127.13231772838799, 37.16380126478494], [127.1315887472065, 37.164071120604895], [127.13141272208091, 37.16365208226118], [127.13133374414431, 37.16348801555127], [127.1312545662612, 37.16273249085073], [127.13085371250742, 37.1624498101081], [127.13030623581754, 37.16233462142499], [127.12999486571088, 37.16219642296125], [127.12954288412398, 37.16208721827536], [127.1289085124992, 37.162128341025], [127.12859846100268, 37.16220414586458], [127.12858701396593, 37.16222593651847], [127.12842426156455, 37.162238392230144], [127.12822853076415, 37.162269507688386], [127.12802419676156, 37.16227260935184], [127.12777667463742, 37.16230215744994], [127.1273069167493, 37.16226652489992], [127.12711616936635, 37.16221387162013], [127.12710270949201, 37.16221015553753], [127.12695865412755, 37.16217318484745], [127.12634807636704, 37.162287091569524], [127.12612846222666, 37.16237787822755], [127.12536302328574, 37.16267863116014], [127.12535978293982, 37.16267990502694], [127.12489498759008, 37.162858257104766], [127.12421785215399, 37.16303466488219], [127.12380331212667, 37.16296282916352], [127.12355220072799, 37.16298915539375], [127.12329035038562, 37.16301660942937], [127.12281815575118, 37.16300754257159], [127.12274523944943, 37.162615768564876], [127.12272628658421, 37.16251395127714], [127.1226200407304, 37.16253487415411], [127.12237254617345, 37.162583603304235], [127.12189099273816, 37.16263473243569], [127.12120454754043, 37.162693545436696], [127.12083513347022, 37.16282069569414], [127.12020712655305, 37.16310155288666], [127.1197830090221, 37.16323929691896], [127.1189833212975, 37.16338714364271], [127.1186985281969, 37.16349086612843], [127.1184528679311, 37.16363770961079], [127.11814002744549, 37.16373370939482], [127.1177990652208, 37.16377287970208], [127.11712494622591, 37.163950145035486], [127.11664362866556, 37.164016390250616], [127.1161502390996, 37.1639919094682], [127.11582215937761, 37.16398943312166], [127.11574777151363, 37.16401040920715], [127.11557299938441, 37.16405977487022], [127.11531927634091, 37.16424085950242], [127.11513863922116, 37.164584603127814], [127.11509870298053, 37.16468132405317], [127.1149895691143, 37.16495787066739], [127.11469699026952, 37.165812705967575], [127.11465327087325, 37.16594033633739], [127.11399386049611, 37.16580427483069], [127.1135492289024, 37.1657155822132], [127.11326815683918, 37.16568115719509], [127.11301840499945, 37.16566057820866], [127.11222230173954, 37.16566799237317], [127.1117483174938, 37.165677534825015], [127.11045627423829, 37.165694227701714], [127.10948733745434, 37.16569511448783], [127.10872093987514, 37.16569049410297], [127.10702366467348, 37.16568967467914], [127.10672485411199, 37.16568948982056], [127.10672903315238, 37.16651124336318], [127.10673560262121, 37.16808257764183], [127.10674177471111, 37.169529476974475], [127.10674279923263, 37.169781139071276], [127.1067494166766, 37.17130534757946], [127.1067530681806, 37.172233334445046], [127.10674306716372, 37.172329124800534], [127.10670684112125, 37.172676150795546], [127.10669661841298, 37.17277455437771], [127.10661982361985, 37.17326073821732], [127.10659438513593, 37.17334861300879], [127.10656121361666, 37.173462805265174], [127.10650191585667, 37.17365631292628], [127.10635734497548, 37.174069661739814], [127.10588412479602, 37.175082677604344], [127.1058247396938, 37.17521482356797], [127.10533919235284, 37.17619928469518], [127.1050863184614, 37.1767200414522], [127.10472868218382, 37.177462997237356], [127.10469487368118, 37.17752619013916], [127.10463389893062, 37.177651578978896], [127.10444535951163, 37.178039824213194], [127.10444131703363, 37.17804820746936]]]}}, {"id": "620", "type": "Feature", "properties": {"EMD_CD": "41597111", "COL_ADM_SE": "41590", "EMD_NM": "\uc7a5\uc9c0\ub3d9", "SGG_OID": 10351}, "geometry": {"type": "Polygon", "coordinates": [[[127.08919104404377, 37.16048983264088], [127.0892514252901, 37.16061998976361], [127.08930988796469, 37.16074591333631], [127.08938155383706, 37.160898588289676], [127.08940922139998, 37.16096234412908], [127.08938235128767, 37.160965049185656], [127.08933153871124, 37.160951453955455], [127.08935691039656, 37.161006182981595], [127.08937777886547, 37.16105120201607], [127.08941813894653, 37.16113827663813], [127.08944020382029, 37.161185853756514], [127.08945413125919, 37.16121591147719], [127.08951653391671, 37.16135051813752], [127.08955965947989, 37.161443537586074], [127.0895899862804, 37.16150896735531], [127.08970515405241, 37.16175739141214], [127.08971162123942, 37.16177132584893], [127.08972043606636, 37.16179034947273], [127.08972142926592, 37.16179247521241], [127.09046928266282, 37.1634056071386], [127.09048060358793, 37.16343002610953], [127.09048226279405, 37.163433611043445], [127.09111977923354, 37.1648086466605], [127.09120200151237, 37.164808413260914], [127.09195825425165, 37.16481126247986], [127.09288935734611, 37.16481586438481], [127.09341930934181, 37.16481851813873], [127.09378758483436, 37.164820304367765], [127.09597685991623, 37.16483110406033], [127.09673379304107, 37.16483752646338], [127.0982494508198, 37.16484233595985], [127.09975419116198, 37.164849748168585], [127.09982602337683, 37.16485085996307], [127.09990022144542, 37.164853141114655], [127.10029535443992, 37.16490209983275], [127.10074843940922, 37.165013361367386], [127.10095500168823, 37.16507175645364], [127.10131880402675, 37.16518119848488], [127.1016956726091, 37.165294412760524], [127.10201633853022, 37.16539082388243], [127.10210250341092, 37.16541715153379], [127.10254842538049, 37.165556164585546], [127.10288493572861, 37.1656280512896], [127.10300622830336, 37.16565398780854], [127.10312896796427, 37.165667488476345], [127.10338300922453, 37.16569826647948], [127.10377314006844, 37.16570649044488], [127.10437559154121, 37.165698670548], [127.10483066964767, 37.16569476057445], [127.10496960242745, 37.16569355810679], [127.10507205688688, 37.16569265767418], [127.10523632183134, 37.16569125254414], [127.10551047193688, 37.16568884975553], [127.10639575723751, 37.165689331017106], [127.10656328933308, 37.1656894529407], [127.10672485411199, 37.16568948982056], [127.10702366467348, 37.16568967467914], [127.10872093987514, 37.16569049410297], [127.10948733745434, 37.16569511448783], [127.11045627423829, 37.165694227701714], [127.1117483174938, 37.165677534825015], [127.11222230173954, 37.16566799237317], [127.11301840499945, 37.16566057820866], [127.11326815683918, 37.16568115719509], [127.1135492289024, 37.1657155822132], [127.11399386049611, 37.16580427483069], [127.11465327087325, 37.16594033633739], [127.11469699026952, 37.165812705967575], [127.1149895691143, 37.16495787066739], [127.11509870298053, 37.16468132405317], [127.11513863922116, 37.164584603127814], [127.11531927634091, 37.16424085950242], [127.11557299938441, 37.16405977487022], [127.11574777151363, 37.16401040920715], [127.11582215937761, 37.16398943312166], [127.1161502390996, 37.1639919094682], [127.11664362866556, 37.164016390250616], [127.11712494622591, 37.163950145035486], [127.1177990652208, 37.16377287970208], [127.11814002744549, 37.16373370939482], [127.1184528679311, 37.16363770961079], [127.1186985281969, 37.16349086612843], [127.1189833212975, 37.16338714364271], [127.1197830090221, 37.16323929691896], [127.12020712655305, 37.16310155288666], [127.12083513347022, 37.16282069569414], [127.12120454754043, 37.162693545436696], [127.12189099273816, 37.16263473243569], [127.12237254617345, 37.162583603304235], [127.1226200407304, 37.16253487415411], [127.12272628658421, 37.16251395127714], [127.12274523944943, 37.162615768564876], [127.12281815575118, 37.16300754257159], [127.12329035038562, 37.16301660942937], [127.12355220072799, 37.16298915539375], [127.12380331212667, 37.16296282916352], [127.12421785215399, 37.16303466488219], [127.12489498759008, 37.162858257104766], [127.12535978293982, 37.16267990502694], [127.12536302328574, 37.16267863116014], [127.12612846222666, 37.16237787822755], [127.12634807636704, 37.162287091569524], [127.12695865412755, 37.16217318484745], [127.12710270949201, 37.16221015553753], [127.12711616936635, 37.16221387162013], [127.1273069167493, 37.16226652489992], [127.12777667463742, 37.16230215744994], [127.12802419676156, 37.16227260935184], [127.12822853076415, 37.162269507688386], [127.12842426156455, 37.162238392230144], [127.12858701396593, 37.16222593651847], [127.12859846100268, 37.16220414586458], [127.1289085124992, 37.162128341025], [127.12877686597888, 37.161575994597705], [127.12865927807624, 37.16141066998411], [127.12865098906671, 37.16136185096873], [127.12814680405708, 37.161019568211174], [127.12813493096327, 37.16073189357687], [127.12811172116962, 37.16021474253109], [127.12796555568448, 37.159902513426644], [127.12790746565382, 37.159781564324895], [127.1284139534276, 37.159567338969524], [127.12863518700142, 37.15948201568075], [127.12877437125945, 37.15930877451237], [127.1288593660337, 37.15867638903214], [127.12890613165357, 37.15856941110062], [127.12890297827866, 37.1585687026602], [127.12891806869841, 37.158538113792396], [127.12901751466185, 37.158306941427874], [127.12909315061376, 37.15830396765874], [127.12962158190791, 37.158272329408305], [127.13011066663252, 37.15768223326713], [127.13008481109735, 37.157272039948005], [127.12995790302885, 37.15714503027873], [127.12981923868364, 37.15700245402974], [127.1295688361258, 37.15672193037639], [127.12952868928238, 37.156673722473556], [127.12946876288318, 37.15660538841538], [127.12934874116297, 37.156388256541476], [127.12929136549779, 37.156249998086366], [127.12908207962823, 37.15585565332041], [127.12905761985178, 37.155816970494456], [127.12896765958719, 37.15566130258218], [127.1291402798327, 37.15537309585288], [127.1292210503509, 37.15523872520481], [127.12920637116136, 37.154803821663684], [127.1292978300535, 37.15448570608593], [127.12916582675986, 37.15419697131], [127.1291029269627, 37.15405268161675], [127.12927780114849, 37.15328672574659], [127.12960680608995, 37.15278378216152], [127.130238962517, 37.15256457426249], [127.13049959800735, 37.15182471680297], [127.13044505324594, 37.151271151998024], [127.12988917577783, 37.15102604759576], [127.12952064144017, 37.15057766834716], [127.12952717717661, 37.150488267938194], [127.12951668686404, 37.150361879717664], [127.12951089844263, 37.15001975657653], [127.12935848398048, 37.14995903699781], [127.12945420359485, 37.149848608917], [127.12951061466988, 37.149884779308465], [127.12950168405672, 37.14972198689113], [127.12950604574812, 37.149625019981656], [127.12953089486639, 37.14950841504266], [127.12951922129281, 37.148793442871046], [127.12951912228574, 37.14864787801316], [127.12951848720071, 37.1485983208334], [127.12947065077663, 37.14853995727735], [127.1293875624369, 37.14850330204231], [127.12935561162163, 37.148513473345034], [127.12923526428379, 37.14838269823645], [127.12918332044535, 37.14833149334213], [127.12907801354717, 37.148241807867706], [127.12887171113569, 37.14808898600908], [127.12870382421787, 37.14800839596738], [127.12851162867854, 37.147896826528054], [127.12830928042325, 37.14776492187633], [127.12810469951626, 37.14763699290074], [127.1279644885103, 37.14753321519854], [127.12790604723632, 37.14745927410771], [127.12777365997572, 37.14716597850748], [127.12781449966393, 37.14707271212041], [127.12800983267721, 37.14667070653668], [127.12803333068841, 37.146634152791634], [127.12836749286426, 37.14635357733001], [127.12774370640741, 37.14539084692363], [127.12703606314379, 37.145697992353426], [127.12683772949634, 37.14560646605952], [127.12638697130895, 37.145466521763154], [127.12580479726995, 37.145295690382355], [127.12560350261764, 37.145236621036865], [127.12509221873111, 37.14522341414967], [127.12489511175023, 37.14528199869092], [127.12472676261841, 37.145291679917385], [127.12466999700557, 37.145283250996506], [127.12467014870755, 37.145286566712656], [127.12463184256923, 37.14531279109818], [127.12464365946444, 37.145297830359645], [127.12445975542946, 37.14521756626663], [127.12437915303612, 37.14516922727426], [127.12385808162463, 37.14485824530935], [127.12358539106775, 37.144790154580285], [127.12327211901383, 37.14471193203092], [127.12322248060217, 37.144662425109004], [127.12292364832415, 37.14436450112566], [127.12274754726126, 37.14434689459163], [127.1222870902965, 37.144291823760526], [127.12153110077554, 37.144554807026346], [127.1209497411641, 37.14451832494336], [127.12060844745982, 37.14441936332343], [127.12024056635353, 37.14437651789244], [127.11991395922597, 37.14457127377038], [127.11960564934714, 37.14425733916556], [127.11898523844064, 37.14363308447419], [127.11848874368148, 37.1437578577264], [127.11825865938732, 37.14387696048206], [127.11806925739644, 37.14407274744681], [127.1175910785429, 37.144563209244644], [127.11728729989899, 37.14460166593647], [127.11717552354754, 37.14456758911674], [127.11606742808874, 37.1442302477864], [127.11494575010214, 37.14428028974444], [127.11460585307886, 37.14434990550342], [127.11403903065953, 37.144640971444986], [127.1139072918208, 37.1445029650341], [127.11369512330862, 37.14437468489908], [127.11353443841594, 37.14429178682342], [127.11332363806595, 37.14426631486312], [127.11282360181403, 37.14421869630227], [127.11243045472189, 37.14418967250393], [127.11191117016632, 37.14414056334485], [127.11119559201876, 37.14380616210933], [127.11033413328789, 37.142400826705206], [127.10935908159829, 37.14249932895841], [127.10888035213881, 37.14281621344416], [127.10775681026627, 37.14290628593257], [127.10644147343208, 37.142280351605855], [127.10637315535256, 37.14205361695104], [127.10607522333451, 37.142019036412165], [127.1055977335467, 37.142073790178756], [127.10541014722604, 37.14205411355857], [127.10533516969375, 37.1420500434203], [127.10439743074572, 37.14173537526796], [127.10413801423353, 37.14180739608606], [127.10381179961016, 37.14189821591424], [127.10371744389636, 37.142515644969286], [127.10383650372873, 37.14326758827854], [127.10303674346878, 37.14381671997835], [127.10312927967624, 37.144551503470204], [127.10289296967498, 37.14533044078513], [127.10282976278441, 37.145647124786535], [127.10203097621095, 37.14582519515137], [127.10077313402125, 37.146097598221736], [127.10035249628123, 37.146329267989174], [127.10076446423173, 37.14749957127468], [127.1007865707741, 37.148015828796474], [127.10035811316213, 37.14800729349963], [127.09981126263992, 37.1488077025929], [127.09957156111118, 37.14915854564781], [127.09963616081168, 37.1495237877729], [127.09943650329456, 37.15000276301291], [127.099273484346, 37.15090209349095], [127.09922742850067, 37.15113457585083], [127.09827960074996, 37.15146899500831], [127.0976561750643, 37.15176821909252], [127.09755715811119, 37.15205135580436], [127.09801463896949, 37.15259381383965], [127.09814239185471, 37.15289304814594], [127.09845254902635, 37.15354078616431], [127.09874778383602, 37.15399460222205], [127.09829232271157, 37.15440281795887], [127.09811632344758, 37.15489493563014], [127.09816792651252, 37.155726023308475], [127.09717826084308, 37.15623943433971], [127.09705211910374, 37.15637217082878], [127.09693834646366, 37.156493994503236], [127.09690225881847, 37.15653294896461], [127.09674868495121, 37.156695351783156], [127.09669213382777, 37.156754596271846], [127.0966433408349, 37.15680626567652], [127.09657048618382, 37.15688156190137], [127.09650033286468, 37.156956585600184], [127.09618480411751, 37.15715398804709], [127.0961644441675, 37.15716706954972], [127.09587378058427, 37.15735444963492], [127.09575488238725, 37.15743095336931], [127.09570276301014, 37.157524523898815], [127.09566951424397, 37.15758410979047], [127.09557994652249, 37.15761905158979], [127.09561429075556, 37.157716608147446], [127.09551634128823, 37.157801384671885], [127.09536127586804, 37.158218784256675], [127.09533545676179, 37.15827845426936], [127.09525747512366, 37.15839772501173], [127.09520508094535, 37.158452099812195], [127.09510594308865, 37.15848722902447], [127.0949383783807, 37.15853917166138], [127.09474858584481, 37.15864231123843], [127.09470077764068, 37.15867289446385], [127.09465994327678, 37.15869860651429], [127.09463508283693, 37.15871439444086], [127.09462923330068, 37.15871809334544], [127.09456590024345, 37.15875769922141], [127.09447583735773, 37.15884949687618], [127.09440354402652, 37.15892686372176], [127.09459915745995, 37.15888751452741], [127.09460503297515, 37.15890499029803], [127.09446603901368, 37.15893816796154], [127.0943264650733, 37.15895746973382], [127.09419886058595, 37.15900640655253], [127.0941266178466, 37.15903331434366], [127.09396175874785, 37.15908984884068], [127.09391890648374, 37.15912295082479], [127.09387933267304, 37.15916731337276], [127.09384191600705, 37.159226631669426], [127.09379045406052, 37.15930830694933], [127.09372015734704, 37.159362064288594], [127.09368562748229, 37.159388401830924], [127.09356253092815, 37.15944220012939], [127.09331897600433, 37.15949753335609], [127.09324171051027, 37.15946776840611], [127.09318707253595, 37.159437174958676], [127.09296912913018, 37.15935228415702], [127.09280785302035, 37.15930023766616], [127.09278533947663, 37.15930214721379], [127.0926116549072, 37.159323095123035], [127.09181821474277, 37.1594330899376], [127.09176959473557, 37.15944511095076], [127.09136549860322, 37.159594271597136], [127.09121357357112, 37.15973819437981], [127.09121039003848, 37.15971170589863], [127.09019514744502, 37.16009902069961], [127.08969349080856, 37.1602942021795], [127.08919104404377, 37.16048983264088]]]}}]}